alg_est,alg_lower,alg_upper,fung_est,fung_lower,fung_upper,herb_est,herb_lower,herb_upper,ins_est,ins_lower,ins_upper,DATA_ID
-0.022276839769442152,-2.4119660692001124,2.367412389661228,-1.258785317685954,-2.3935833156595288,-0.12398731971237931,-0.8157972077718353,-1.2208530562138464,-0.41074135932982403,-0.23189100305675917,-0.6229812869908709,0.15919928087735255,7
-0.022276234662926785,-2.417593285053899,2.3730408157280456,-1.2615136804022544,-2.3976703618741784,-0.12535699893033048,-0.8374333456191075,-1.2398225709959396,-0.4350441202422755,-0.2463515904654566,-0.6411630757300977,0.1484598947991845,8
-0.0222411974223667,-2.402980612904357,2.3584982180596237,-1.259042368120768,-2.3928541093098077,-0.12523062693172848,-0.8463892147466692,-1.246688213564426,-0.4460902159289125,-0.22086775320344762,-0.6107573394104834,0.16902183300358817,9
-0.022239873663937516,-2.401207120377288,2.356727373049413,-1.259897379330208,-2.393671474030829,-0.12612328462958677,-0.8474896674700714,-1.24764182558316,-0.44733750935698274,-0.22091655075275618,-0.6106899282041238,0.16885682669861146,10
-0.022239593971529813,-2.4029290041738736,2.3584498162308143,-1.259111692243484,-2.39296658810035,-0.12525679638661757,-0.8463897869919281,-1.2466924755397146,-0.44608709844414157,-0.2208552961058283,-0.6107515986165654,0.16904100640490874,11
-0.022238581886362498,-2.401069619110671,2.356592455337946,-1.259915545724278,-2.39364228798959,-0.12618880345896644,-0.8476034594628111,-1.2477352133828838,-0.44747170554273846,-0.22093342181878617,-0.6106880267064734,0.16882118306890104,12
-0.022248851302163208,-2.4010070999374538,2.3565093973331273,-1.2592589266905594,-2.3923163813819954,-0.12620147199912357,-0.8481228742921811,-1.2481229159890097,-0.4481228325953525,-0.22114497309908066,-0.6107448215895053,0.1684548753913439,17
-0.022246095765234602,-2.4022354943592377,2.357743302828769,-1.2596027605213855,-2.393584216265623,-0.12562130477714817,-0.8467245907366698,-1.2469952465144234,-0.44645393495891633,-0.22083221580019885,-0.6107135296231223,0.16904909802272466,18
-0.02223825857445181,-2.4019807355927965,2.357504218443893,-1.259541418430645,-2.393303886594195,-0.12577895026709496,-0.8469572190329442,-1.247162609908784,-0.4467518281571043,-0.22108039032239535,-0.6109026485813769,0.16874186793658613,19
-0.0222380336088902,-2.4019275043544863,2.357451437136706,-1.259533703970935,-2.3933460534124977,-0.12572135452937183,-0.8470565744555273,-1.2472683168204948,-0.4468448320905598,-0.2207563919868228,-0.6105969987174853,0.16908421474383978,20
-0.022267691704379512,-2.402396648770082,2.3578612653613233,-1.2620118556237592,-2.397012084901851,-0.12701162634566732,-0.8455255424316864,-1.2460576756007988,-0.4449934092625739,-0.22568988304058712,-0.6164698999936454,0.16509013391247118,21
-0.022261438733204564,-2.4021305401337427,2.3576076626673332,-1.260395027095824,-2.3943463442005903,-0.12644370999105758,-0.8461889485328881,-1.2464448386483644,-0.4459330584174118,-0.223554409348147,-0.613498724220182,0.16638990552388802,22
-0.022270282576347382,-2.4020816183991904,2.3575410532464955,-1.259790185206333,-2.39356689084953,-0.1260134795631358,-0.8466813945017231,-1.246891799181832,-0.44647098982161415,-0.22196013701261805,-0.6117894015526086,0.16786912752737257,23
-0.022259015518625087,-2.402023686567209,2.357505655529959,-1.2596593226377784,-2.393439181699552,-0.12587946357600432,-0.8468490098415513,-1.24705749643222,-0.44664052325088266,-0.22142153734631115,-0.6112494604761218,0.16840638578349953,24
-0.02226080758655902,-2.4019687725494725,2.3574471573763542,-1.2595109792822852,-2.393286520768542,-0.12573543779602825,-0.8471600896239074,-1.2473633677949305,-0.4469568114528844,-0.22079992739901572,-0.6106169793509777,0.16901712455294632,25
-0.022259823209396755,-2.4017515116677575,2.357231865248964,-1.259478534698782,-2.393448869248458,-0.12550820014910613,-0.8490229298756058,-1.2496972494080798,-0.4483486103431318,-0.2195267516170615,-0.6095751949805126,0.17052169174638956,26
-0.022271316917077035,-2.402769651268979,2.358227017434825,-1.2574952467463711,-2.3917585402118218,-0.12323195328092051,-0.8494486599820789,-1.2498496491963194,-0.4490476707678384,-0.2130225289840645,-0.6034826447918055,0.1774375868236764,27
-0.02227292370364197,-2.4022352660582933,2.357689418651009,-1.2588056641885719,-2.3924606492445557,-0.12515067913258782,-0.8475399057025095,-1.2477425624951413,-0.44733724890987764,-0.21919189385458102,-0.6090481362385929,0.17066434852943083,28
-0.022270731658294907,-2.4142627004856587,2.3697212371690686,-1.2545310269783871,-2.39120532008893,-0.11785673386784445,-0.8452822327136724,-1.2470740260731934,-0.4434904393541515,-0.2126752395554862,-0.6069867102954443,0.1816362311844719,29
-0.022267549231705954,-2.405725536966742,2.3611904385033298,-1.260057682538757,-2.395826733969212,-0.1242886311083018,-0.8471638250120709,-1.2480800880641387,-0.4462475619600031,-0.22154210571067648,-0.6130648735626413,0.16998066214128835,30
-0.022267523653436892,-2.405042741863868,2.3605076945569943,-1.2593388278608928,-2.3949734659569706,-0.12370418976481501,-0.8465596075072293,-1.2473958102944298,-0.4457234047200286,-0.21828345794966023,-0.609733099866437,0.17316618396711655,31
-0.022270689442416204,-2.416682383973089,2.3721410050882565,-1.256153992184552,-2.393329794973667,-0.1189781893954367,-0.8467797220936771,-1.2488606968631732,-0.44469874732418097,-0.22073325240514594,-0.6153285726536563,0.17386206784336442,32
-0.02227731920875705,-2.370701821180471,2.326147182762957,-1.2642179813652266,-2.390452898500079,-0.1379830642303741,-0.7988906076960762,-1.1984752180430847,-0.39930599734906774,-0.2110131000196773,-0.597318028575437,0.1752918285360824,34
-0.022266386003490377,-2.399868615518615,2.3553358435116345,-1.2620087305563832,-2.396853444746019,-0.12716401636674757,-0.8473160445614876,-1.2475640600032454,-0.44706802911972976,-0.2217250889052177,-0.6118088294891469,0.16835865167871156,35
-0.02230593146321514,-2.398048979837154,2.3534371169107233,-1.2559725688798822,-2.381036843658561,-0.1309082941012032,-0.84943168319231,-1.2476424012184,-0.45122096516622007,-0.23641652742566988,-0.6241859992174483,0.15135294436610852,36
-0.022268415318796822,-2.404843384058224,2.3603065534206307,-1.2591789275489769,-2.394532080909222,-0.12382577418873186,-0.8465667899057565,-1.2473069079748664,-0.4458266718366465,-0.21839838654952415,-0.6089041659337504,0.17210739283470206,37
-0.022268311604586782,-2.403565725423044,2.35902910221387,-1.2597765451462741,-2.3948972508738593,-0.12465583941868896,-0.8467409730561595,-1.2473341406618303,-0.44614780545048865,-0.21919678505529466,-0.6095408014903247,0.17114723137973542,38
-0.02227379841164237,-2.409852900634715,2.3653053038114304,-1.2557127556801508,-2.390769816838737,-0.12065569452156488,-0.8459441057230351,-1.2470228309730373,-0.4448653804730329,-0.21612565469533448,-0.6068661075552663,0.17461479816459732,39
-0.022267525031431104,-2.4036194165175293,2.3590843664546672,-1.2599467744145354,-2.395270917964322,-0.1246226308647489,-0.8467343693836394,-1.247372008663018,-0.4460967301042609,-0.2190836587754628,-0.60950725861401,0.1713399410630844,40
-0.022291958664178872,-2.4014509658671566,2.356867048538799,-1.259852465640798,-2.3936300475091095,-0.12607488377248655,-0.8475744366521958,-1.2477316592787193,-0.4474172140256722,-0.2209576654945269,-0.6107385148794877,0.168823183890434,42
-0.022291986432057334,-2.4033175369581388,2.358733564094024,-1.2589704096289083,-2.392833895069934,-0.1251069241878826,-0.8458045983229033,-1.2461299574629874,-0.44547923918281923,-0.22078776093163613,-0.6107016121857615,0.16912609032248924,43
-0.02221550619472591,-2.4018877149289994,2.357456702539548,-1.2595389247790703,-2.393328357631292,-0.12574949192684826,-0.8470517483778808,-1.2472664646847837,-0.4468370320709778,-0.22089242517419733,-0.6107145131309937,0.16892966278259902,44
-0.02221561365616252,-2.401900453298407,2.3574692259860823,-1.2595033000393172,-2.3932660731536166,-0.1257405269250178,-0.8470348159712,-1.2472382595142166,-0.4468313724281835,-0.22089539220903076,-0.6107120504988959,0.16892126608083435,45
-0.02378580498748893,-2.4076799619048748,2.360108351929897,-1.2589944169760177,-2.393588458713234,-0.12440037523880121,-0.843305870136179,-1.2438883157449574,-0.4427234245274006,-0.2206559009686422,-0.6108132955446597,0.1695014936073753,46
-0.02379077271035527,-2.4015098464728366,2.353928301052126,-1.2614694127539583,-2.3953369450893955,-0.12760188041852105,-0.8498108014946486,-1.24976291864742,-0.44985868434187715,-0.22141480797119353,-0.6110333566152988,0.1682037406729117,47
-0.023349030012930965,-2.4071699095729175,2.360471849547056,-1.2601632113144103,-2.3960062808950076,-0.12432014173381312,-0.842133454644377,-1.2429784999634936,-0.4412884093252606,-0.22016582755201836,-0.6106193636434953,0.17028770853945857,48
-0.023355914182835495,-2.4024093667619244,2.355697538396253,-1.2601954322327722,-2.393667043832102,-0.12672382063344223,-0.8486856394621528,-1.2486906280736156,-0.44868065085069,-0.2213581936919466,-0.6109906754840617,0.16827428810016848,49
-0.022268469944356113,-2.4013686718425387,2.356831731953826,-1.2608543359098983,-2.395488624945477,-0.1262200468743193,-0.8471319878679532,-1.2474536271187149,-0.44681034861719143,-0.2210948914724787,-0.611071620387373,0.1688818374424155,50
-0.022289681903062745,-2.4047472975768103,2.360167933770685,-1.2538236754529224,-2.3840420010318444,-0.1236053498740004,-0.8464329109477301,-1.2461668574457798,-0.4466989644496803,-0.21986529609038982,-0.6090588732592933,0.1693282810785137,51
-0.022267427967197446,-2.4009912567570972,2.3564564008227022,-1.2611780739437866,-2.3959917984671173,-0.12636434942045582,-0.8471137506939984,-1.247440192872716,-0.4467873085152809,-0.22085597521217762,-0.6108501855203062,0.16913823509595097,52
-0.022276413779126425,-2.403906177667213,2.3593533501089605,-1.2583498807389455,-2.3915758263468376,-0.12512393513105335,-0.8471738359272603,-1.2474238295058406,-0.44692384234867993,-0.2223448520041635,-0.6121607343818369,0.16747103037350988,53
-0.022267313260072107,-2.401130419824998,2.3565957933048542,-1.2612024793675722,-2.396054613220122,-0.12635034551502256,-0.8471466148331542,-1.247491523167393,-0.4468017064989153,-0.22103809110935285,-0.6110500281678543,0.16897384594914855,55
-0.022270195408078796,-2.400903916242823,2.3563635254266653,-1.2601986892522359,-2.3943237830416595,-0.12607359546281227,-0.8468935242577605,-1.2470800204385928,-0.44670702807692836,-0.21996816137628933,-0.60980325452431,0.16986693177173134,56
-0.022268159808313655,-2.4008867690135918,2.3563504493969645,-1.2609118832280883,-2.395526618483603,-0.12629714797257385,-0.8470372557175728,-1.247316964165954,-0.44675754726919165,-0.2205170865276022,-0.6104595624904627,0.16942538943525826,57
-0.022267087788267918,-2.4004626336548704,2.3559284580783344,-1.2612405711661216,-2.396031686801426,-0.12644945553081688,-0.8470102840322536,-1.2472905354178003,-0.4467300326467071,-0.2202241245078438,-0.6101817239237209,0.16973347490803337,58
-0.022267173493274343,-2.400568861958745,2.3560345149721966,-1.2612206062605364,-2.396010071146999,-0.12643114137407374,-0.8470302836262282,-1.2473186135915117,-0.4467419536609448,-0.22034961219469343,-0.6103128760468283,0.16961365165744144,60
-0.022279145094431643,-2.402582749246388,2.3580244590575243,-1.2572454445453758,-2.3895447036587996,-0.12494618543195224,-0.8466557565432135,-1.2466219024362393,-0.44668961065018753,-0.2197842189146998,-0.6093125433026618,0.16974410547326224,61
-0.022270198613870577,-2.4020127612839888,2.357472364056248,-1.260316276023756,-2.3946629056606668,-0.12596964638684538,-0.847160452809874,-1.2474774679095297,-0.4468434377102183,-0.2214793009760544,-0.6114309915719924,0.1684723896198837,62
-0.02227282712330483,-2.4028748301020033,2.3583291758553933,-1.259488622247773,-2.3933724948226027,-0.12560474967294333,-0.8471794117580419,-1.2474751566656652,-0.44688366685041864,-0.22192297076577,-0.6118238579920732,0.16797791646053323,63
-0.022267105915302066,-2.4010351773506704,2.356500965520066,-1.2612882108033057,-2.3961862237066027,-0.12639019790000838,-0.8471443032547878,-1.2474905270653847,-0.44679807944419103,-0.22098972290614852,-0.6110062134823435,0.16902676767004646,65
-0.022267303634260913,-2.4010676898274763,2.356533082558954,-1.261221547516248,-2.3960765157693773,-0.126366579263119,-0.8471384135857379,-1.2474788900415819,-0.4467979371298939,-0.2209825091577013,-0.6109911003910421,0.16902608207563952,66
-0.022352724551714283,-2.4179934652755133,2.3732880161720846,-1.2340306791292741,-2.3524312189025522,-0.11563013935599575,-0.8454069837937789,-1.2438786809765583,-0.4469352866109995,-0.22150626901374046,-0.6088565195075245,0.16584398148004356,67
-0.022266694632160477,-2.4008094608339996,2.356276071569679,-1.2614141050847028,-2.396369669847798,-0.12645854032160742,-0.8471215045344506,-1.2474609718682403,-0.44678203720066073,-0.22080476382549646,-0.6108202574354186,0.16921072978442564,68
-0.022275742243008788,-2.4037416256547357,2.359190141168718,-1.258564208898268,-2.391918617724578,-0.12520980007195792,-0.8471806655513938,-1.247442523116425,-0.4469188079863627,-0.22229925100997813,-0.6121343198962659,0.16753581787630964,69
-0.022279615162384893,-2.404843583371903,2.3602843530471334,-1.257335427930099,-2.3899791025946686,-0.12469175326552939,-0.8471730171941,-1.2473843802907743,-0.4469616540974256,-0.22274075026970155,-0.6124836196094112,0.1670021190700081,70
-0.02227127893685993,-2.402412184423235,2.3578696265495154,-1.2599919816036698,-2.394165847309588,-0.12581811589775183,-0.8471807532195269,-1.2474959808151462,-0.44686552562390763,-0.22172854092402672,-0.6116664942478374,0.168209412399784,71
-0.02226624101357347,-2.4006045526964446,2.3560720706692972,-1.2615504614627386,-2.3965744889026617,-0.1265264340228156,-0.847104742017387,-1.2474412165290103,-0.4467682675057636,-0.22065061582690962,-0.6106691310442188,0.16936789939039956,73
-0.022268874789793665,-2.4016577891172366,2.3571200395376497,-1.2607397306130266,-2.3953361893256724,-0.12614327190038077,-0.8471683951045815,-1.2475056274886063,-0.4468311627205569,-0.22135402143163213,-0.611340794748677,0.1686327518854127,74
-0.0223246660004195,-2.4121327546046043,2.3674834226037653,-1.2427071918993935,-2.3662568624394775,-0.11915752135930946,-0.8458222593564159,-1.244840807601017,-0.4468037111118149,-0.2206652218841855,-0.6088129657204974,0.1674825219521264,75
-0.022267423502368097,-2.4004929459252358,2.3559580989204996,-1.2611230942696188,-2.3958361809385362,-0.12641000760070153,-0.8469931552350776,-1.2472607360411854,-0.4467255744289697,-0.22017203260753243,-0.6101139899447785,0.16976992472971358,76
-0.022279918185263647,-2.404924161076522,2.360364324705995,-1.2572394094302783,-2.389827219919635,-0.12465159894092204,-0.8471710046213412,-1.2473779123272033,-0.44696409691547917,-0.2227668539578485,-0.6125020151296545,0.1669683072139575,77
-0.022291578644645055,-2.4080806813918123,2.363497524102522,-1.2535565388547576,-2.3839994785939798,-0.12311359911553565,-0.8471222795857059,-1.2471625310274446,-0.44708202814396725,-0.22391160319117356,-0.6133580769497244,0.16553487056737728,78
-0.02227961516228952,-2.4048435832351007,2.3602843529105213,-1.2573354279684774,-2.389979102608621,-0.12469175332833382,-0.8471730171951564,-1.2473843802763174,-0.44696165411399524,-0.22274075026249276,-0.6124836195884298,0.16700211906344428,79
-0.02226645073634668,-2.400713545490744,2.3561806440180506,-1.2614888995789395,-2.3964840989520013,-0.1264937002058779,-0.8471159140125483,-1.247455447074238,-0.4467763809508584,-0.2207413595181265,-0.6107599912419683,0.16927727220571537,81
-0.02226653783915345,-2.4007815656218807,2.356248489943574,-1.2614654474064155,-2.3964532950218524,-0.1264775997909786,-0.8471257778478872,-1.2474692771770168,-0.44678227851875757,-0.22080876661801122,-0.6108299525369024,0.16921241930087996,82
-0.022338169334244068,-2.414965058143502,2.370288719475014,-1.238507848866004,-2.359560465802756,-0.11745523192925189,-0.8456158465972816,-1.2443691715458962,-0.446862521648667,-0.22105642464910866,-0.608816801154796,0.16670395185657863,83
-0.022269098872796666,-2.401711891636578,2.3571736938909846,-1.260669365072742,-2.3952241683188076,-0.1261145618266768,-0.8471656601092727,-1.2474991174996868,-0.4468322027188588,-0.22136659373645598,-0.6113471527435858,0.16861396527067382,84
-0.02227508942795521,-2.403562647650706,2.3590124687947953,-1.2587718028196873,-2.392247407284837,-0.1252961983545371,-0.8471835373855945,-1.24745470079571,-0.44691237397547906,-0.22223330437578498,-0.6120847916933607,0.1676181829417907,85
-0.022269776112069175,-2.4019510189647684,2.3574114667406296,-1.2604553411187667,-2.3948920867421695,-0.12601859549536387,-0.8471742768696143,-1.2475038441058681,-0.4468447096333606,-0.22150362163631396,-0.6114724239720412,0.16846518069941327,86
-0.022266715923553292,-2.4008600139829928,2.356326582135886,-1.2613669409931894,-2.3963000837377995,-0.12643379824857925,-0.8471203584760363,-1.2474595141850555,-0.44678120276701716,-0.22081697441175988,-0.6108304299740327,0.16919648115051297,88
-0.022266674268478965,-2.40068552149366,2.356152172956702,-1.2614082673647895,-2.3963432119458608,-0.12647332278371848,-0.8470938122054441,-1.2474194798086493,-0.4467681446022389,-0.22064491065038588,-0.6106480151720288,0.16935819387125706,89
-0.022355178914982156,-2.4185025716273185,2.3737922137973544,-1.233282042756721,-2.3512405335698254,-0.11532355194361665,-0.8453734614188194,-1.2437984005313494,-0.44694852230628956,-0.2215862050655641,-0.6088682978929403,0.1656958877618121,90
-0.022271219742339296,-2.4023637121209487,2.35782127263627,-1.2599960783868227,-2.394166136819503,-0.12582601995414233,-0.8471713507819956,-1.2474820019318262,-0.44686069963216485,-0.2216720807859193,-0.6116057907972805,0.16826162922544194,92
-0.02226981802805526,-2.4019579982953507,2.3574183622392404,-1.2604393856599403,-2.394865704580117,-0.12601306673976365,-0.8471727244260243,-1.2475008276298285,-0.44684462122222013,-0.2215010219119878,-0.6114678341233335,0.16846579029935785,93
-0.02226621570912737,-2.400142787470488,2.355610356052233,-1.2616833152884146,-2.3966192750220534,-0.12674735555477556,-0.8477222575306306,-1.2480486283895458,-0.4473958866717153,-0.22065733020340622,-0.6106246395793573,0.16930997917254487,95
-0.022266219570351766,-2.400838858959448,2.3563064198187442,-1.2614663233383319,-2.396544003780251,-0.12638864289641294,-0.8469232899591621,-1.2473318108696114,-0.4465147690487129,-0.22054993250738333,-0.6105912878374128,0.1694914228226461,96
-0.022266650964699212,-2.4013957540968374,2.356862452167439,-1.2611846982245183,-2.3962693938082524,-0.12610000264078414,-0.8464117458417474,-1.2468657366515503,-0.44595775503194446,-0.2205061836317726,-0.6105829670743832,0.169570599810838,97
-0.022266190913734656,-2.4008355930428005,2.356303211215331,-1.261474446319081,-2.396558364360797,-0.1263905282773652,-0.8469207094780323,-1.2473304203055107,-0.4465109986505541,-0.22054804046738996,-0.6105906022706593,0.1694945213358794,98
-0.022266113883723886,-2.4004664549181665,2.3559342271507187,-1.261607863025661,-2.396634991281656,-0.12658073476966614,-0.8473162276640932,-1.2476855855112898,-0.44694686981689646,-0.22059660793057342,-0.610604004608888,0.16941078874774115,99
-0.02226612650918878,-2.4003912878742577,2.3558590348558806,-1.2616275897677003,-2.39663574966485,-0.12661942987055053,-0.8474072481311861,-1.2477669466824555,-0.44704754957991655,-0.22060972250660382,-0.6106083001363509,0.16938885512314328,100
-0.022266373016680906,-2.400093570011126,2.3555608239777643,-1.2616593833758345,-2.39654692010986,-0.12677184664180863,-0.8478190506599286,-1.2481314413225955,-0.44750665999726164,-0.22067917352443447,-0.6106326218194422,0.1692742747705733,101
-0.022266243546879772,-2.400824185198109,2.3562916981043496,-1.26146489960734,-2.396533795480982,-0.1263960037336982,-0.8469448214804927,-1.2473502018543088,-0.4465394411066764,-0.22055409876537083,-0.6105925853414558,0.16948438781071415,102
-0.022266201656086962,-2.400762155300911,2.356229751988737,-1.2614944530357413,-2.396560736782046,-0.12642816928943668,-0.847004934153063,-1.2474050212988894,-0.4466048470072365,-0.22055985804965117,-0.6105939927021247,0.16947427660282233,103
-0.02226611585805137,-2.4003738262280265,2.355841594511924,-1.261635739991021,-2.396642961029025,-0.12662851895301674,-0.8474251672810474,-1.2477834160052017,-0.4470669185568931,-0.2206115562074448,-0.6106088657140927,0.1693857532992031,104
-0.022266207205192186,-2.4008411128278304,2.356308698417446,-1.2614686973767915,-2.396549818864186,-0.12638757588939686,-0.8469181109172195,-1.2473275972271223,-0.4465086246073166,-0.22054857465013816,-0.6105908416921069,0.16949369239183049,105
-0.022266476167470885,-2.399954183492522,2.3554212311575804,-1.261677703683091,-2.3965118116766355,-0.12684359568954684,-0.8480151180055682,-1.248306757733862,-0.4477234782772743,-0.22071171007113297,-0.6106447378758549,0.16922131773358903,106
-0.02227059995091754,-2.4098558111509063,2.365314611249071,-1.2581834494475732,-2.394014043999296,-0.12235285489585013,-0.8503524507276256,-1.251798811138303,-0.4489060903169481,-0.22182035785307627,-0.6125844719796505,0.16894375627349797,107
-0.022269614475187605,-2.4081598150999652,2.36362058614959,-1.258836113546866,-2.3945577848055204,-0.12311444228821156,-0.8497385926612409,-1.2510239399392016,-0.44845324538328,-0.2215804169024245,-0.6122168120417633,0.16905597823691423,108
-0.022273971433205256,-2.4109219447920354,2.366374001925625,-1.2570465048146744,-2.3922742165939552,-0.12181879303539356,-0.8506479125295286,-1.2519393902309843,-0.4493564348280729,-0.22207900050705426,-0.6127688357786685,0.16861083476456,109
-0.022268455992240387,-2.400079328540081,2.3555424165556005,-1.2610481377871954,-2.395427020212132,-0.12666925536225837,-0.8463880302437231,-1.2466677186647637,-0.4461083418226826,-0.2205157181359286,-0.6103565489944969,0.16932511272263964,110
-0.022283109471454936,-2.380744129008002,2.3361779100650923,-1.2616094411884327,-2.388554132515586,-0.1346647498612792,-0.8337374332030657,-1.2311624139264443,-0.4363124524796871,-0.2179251535546384,-0.6049292329649003,0.16907892585562354,112
-0.02226774569308712,-2.3891994692421177,2.3446639778559435,-1.26376613000855,-2.3961193785418935,-0.1314128814752069,-0.840846061748787,-1.2399808382726933,-0.4417112852248806,-0.21894705992121016,-0.6076762627723564,0.1697821429299361,113
-0.022270903768440736,-2.416581922552594,2.3720401150157127,-1.2577708715277491,-2.394879103134281,-0.12066263992121717,-0.8478952219769357,-1.249955101642078,-0.44583534231179334,-0.22658763608857307,-0.6211587281833768,0.1679834560062306,114
-0.022271428385177167,-2.4097649022454997,2.3652220454751456,-1.2588664831390732,-2.3943715909988335,-0.12336137527931323,-0.8654872285890716,-1.2700381428535716,-0.4609363143245714,-0.2245579143284054,-0.6153209485692873,0.16620511991247652,115
-0.022301964621612585,-2.459969248994952,2.415365319751727,-1.2445856442654728,-2.383010827348166,-0.10616046118277955,-0.8513855846711472,-1.2570854314399842,-0.4456857379023102,-0.249954646604405,-0.6453281499173288,0.14541885670851876,116
-0.022307019296555902,-2.3984096440222187,2.3537956054291067,-1.2408693646993711,-2.3657364921239106,-0.11600223727483172,-0.8393894970165339,-1.2376174024951356,-0.44116159153793205,-0.1846045089879222,-0.573216011242768,0.20400699326692368,117
-0.02226716464205189,-2.3960275169217544,2.351493187637651,-1.2626917122914123,-2.396559823060776,-0.12882360152204853,-0.8518856383432298,-1.2519365683788517,-0.45183470830760786,-0.22123227520271144,-0.6107185561635637,0.1682540057581408,118
-0.02226656601797218,-2.4016787538332447,2.3571456217973004,-1.261177748231356,-2.396339934168902,-0.12601556229380995,-0.8472997380251924,-1.2480790996575817,-0.4465203763928032,-0.22067555510246945,-0.6107962900492814,0.16944517984434249,119
-0.0222662060543673,-2.399685345492848,2.355152933384113,-1.2618562728003977,-2.39670309410078,-0.12700945150001552,-0.8487791635945168,-1.2493408115184408,-0.4482175156705927,-0.22082202230537132,-0.6107509404061109,0.16910689579536822,120
-0.02226613777925764,-2.3993979094565896,2.3548656338980747,-1.2619571561176568,-2.3967606809109094,-0.12715363132440416,-0.8490065677759362,-1.2495414114375176,-0.4484717241143547,-0.22084516689489359,-0.6107470505509762,0.169056716761189,121
-0.022279662354668744,-2.4060665582643814,2.361507233555044,-1.2491108173705263,-2.3819819554891613,-0.11623967925189138,-0.8625020307295338,-1.2632372169776913,-0.4617668444813762,-0.19478840791402058,-0.5858077648996356,0.19623094907159438,124
-0.022274238742981387,-2.4084201533090663,2.3638716758231038,-1.2647648699802998,-2.3995378609401854,-0.12999187902041398,-0.8316948301341958,-1.2334858031198088,-0.4299038571485828,-0.24733901024400545,-0.6404435644675235,0.14576554397951264,125
-0.022267190807265157,-2.403121500307603,2.3585871186930722,-1.260896952825019,-2.3962108911462323,-0.1255830145038057,-0.8448334578138785,-1.2476110155788742,-0.44205590004888284,-0.22167694046194591,-0.6123099883352681,0.1689561074113763,126
-0.02226708168166631,-2.4021445827581878,2.3576104193948555,-1.2599683907587182,-2.3950988415933585,-0.12483793992407821,-0.8549979965156248,-1.2575018387923333,-0.45249415423891615,-0.21732522640268437,-0.6078279254024366,0.17317747259706784,127
-0.0222680273256647,-2.405471320846596,2.3609352661952663,-1.2585759149497466,-2.394175039786197,-0.12297679011329588,-0.846196756509354,-1.2470600370002063,-0.4453334760185016,-0.21645464270998238,-0.6079224645784803,0.17501317915851555,128
-0.022268163582829948,-2.4065257053207305,2.3619893781550707,-1.2605396284329522,-2.396322314183946,-0.12475694268195858,-0.847725778591702,-1.248707961758428,-0.4467435954249759,-0.224643440141879,-0.6162159668504241,0.16692908656666613,129
-0.02226772088415101,-2.404849613499196,2.360314171730894,-1.259943745001807,-2.3954683857310064,-0.12441910427260772,-0.8448354567229474,-1.2459409466513658,-0.4437299667945289,-0.22044592665344037,-0.6108408373290519,0.16994898402217112,130
-0.02226844019518225,-2.4058677086846356,2.3613308282942715,-1.2594532751607834,-2.3950043060189343,-0.12390224430263252,-0.8440945777270854,-1.245275518270728,-0.44291363718344284,-0.2203969239868815,-0.6108593311145207,0.17006548314075776,131
-0.02226612377420527,-2.4004525094437903,2.35592026189538,-1.2616635043040476,-2.3966862222351626,-0.12664078637293286,-0.8484077740672237,-1.2490691022345852,-0.447746445899862,-0.22079107471136528,-0.6108061971156341,0.16922404769290356,132
-0.02227360496645966,-2.3941139162471132,2.3495667063141936,-1.2617837641487444,-2.393703730062512,-0.12986379823497662,-0.857533648599778,-1.2570928677975293,-0.45797442940202665,-0.22243321246709846,-0.6113680564133616,0.16650163147916464,133
-0.016468764829314773,-2.396345591671837,2.3634080620132076,-1.259473528059907,-2.3932256375805903,-0.1257214185392237,-0.847020042774039,-1.2472236007024344,-0.4468164848456434,-0.22089286728946184,-0.610709342349673,0.16892360777074933,135
-0.008278722042662898,-2.388097014866506,2.3715395707811804,-1.2597495987871963,-2.3936621335233332,-0.12583706405105932,-0.8470198964707446,-1.2472381626275972,-0.446801630313892,-0.2208620177726364,-0.61070128521793,0.16897724967265723,136
-0.02156191781147205,-2.401258425590158,2.3581345899672144,-1.2594701681024743,-2.3932210721482425,-0.12571926405670575,-0.8470211949230981,-1.2472247688372908,-0.44681762100890543,-0.22089169109629386,-0.6107081564462367,0.16892477425364893,137
-0.02215771857708816,-2.401827843974445,2.357512406820269,-1.2594773299794526,-2.393225324421586,-0.12572933553731902,-0.8470215217085512,-1.2472228091532578,-0.44682023426384454,-0.2208902129402306,-0.6107047070960406,0.16892428121557945,138
-0.022163120837994082,-2.4018679428283805,2.357541701152392,-1.2594975617003654,-2.393258223082535,-0.12573690031819562,-0.8470157537011348,-1.2472188797251131,-0.44681262767715646,-0.22089587733936733,-0.6107123848912634,0.16892063021252884,139
-0.022741197675555005,-2.402451461337224,2.356969065986114,-1.2594741106104452,-2.3932254202770267,-0.1257228009438638,-0.8470180605120937,-1.2472213684389823,-0.4468147525852051,-0.22089548410684176,-0.6107115993926507,0.16892063117896725,140
-0.02214957151676024,-2.4018454530956226,2.357546310062102,-1.2594732971229352,-2.393227243157713,-0.12571935108815735,-0.8470208927426147,-1.2472251131220908,-0.4468166723631386,-0.22089179086449254,-0.6107089587735055,0.16892537704452046,141
-0.02578724884485289,-2.4056891409618726,2.3541146432721667,-1.259433057888388,-2.393160588934589,-0.12570552684218717,-0.8470191012376491,-1.2472201743349105,-0.4468180281403877,-0.22089868567098275,-0.6107114356982802,0.16891406435631473,142
-0.017505832196605873,-2.3973889263896933,2.362377261996482,-1.2594943847742655,-2.39325819692417,-0.12573057262436071,-0.847020695120726,-1.2472251607503269,-0.4468162294911251,-0.22088960952466377,-0.610707654524535,0.1689284354752075,143
-0.019262286825445743,-2.3991366620416734,2.3606120883907815,-1.2594844465878476,-2.3932442918681947,-0.12572460130750085,-0.847022333398286,-1.2472268256817602,-0.44681784111481176,-0.2208885425367208,-0.6107064177401879,0.16892933266674626,146
-0.0411022731556861,-2.421031528262105,2.338826981950733,-1.2596133822839677,-2.39343031539502,-0.12579644917291555,-0.8469959573055068,-1.2472025262364634,-0.4467893883745501,-0.22090997893263356,-0.6107320603625749,0.16891210249730773,147
-0.022482808444580782,-2.4021755317899696,2.357209914900808,-1.2594778010626346,-2.393232864826299,-0.12572273729897065,-0.8470206114500946,-1.2472245317079282,-0.4468166911922609,-0.22089162124308012,-0.6107086185843911,0.1689253760982308,148
-0.02038893819748632,-2.4001253755178875,2.3593474991229146,-1.259519061461533,-2.3932907845294213,-0.12574733839364494,-0.8470101112413226,-1.2472142534765933,-0.4468059690060519,-0.22090118806429218,-0.6107189607470921,0.1689165846185077,149
-0.02218440748105563,-2.4018699229081113,2.3575011079459998,-1.2594693382749083,-2.393220011000335,-0.12571866554948152,-0.8470222299867142,-1.2472257776321687,-0.4468186823412596,-0.22089037543883963,-0.6107068604930227,0.1689261096153434,150
-0.022050396318786362,-2.401738918928978,2.3576381262914055,-1.2594700434837305,-2.3932213329862293,-0.1257187539812319,-0.8470219517459598,-1.2472256347796922,-0.44681826871222746,-0.2208906833092987,-0.6107073023275759,0.16892593570897843,151
-0.017551669241858886,-2.39744256442802,2.3623392259443023,-1.2594742537445776,-2.3932273022053425,-0.1257212052838126,-0.847020865272377,-1.2472245951417211,-0.4468171354030328,-0.22089167478768118,-0.6107083951905397,0.16892504561517735,152
-0.01794466111318113,-2.3978512015600773,2.361961879333715,-1.2594852567058168,-2.393245706087523,-0.1257248073241104,-0.8470221445036525,-1.2472267436654596,-0.44681754534184553,-0.2208887140381779,-0.6107067049493764,0.16892927687302067,153
-0.06490125642665247,-2.445250780161251,2.3154482673079455,-1.2598892244102462,-2.3938085313843667,-0.1259699174361255,-0.8469076045932193,-1.2471125975648438,-0.4467026116215948,-0.22100743840231032,-0.6108305554137383,0.1688156786091177,154
-0.049709983969443844,-2.429671145811035,2.3302511778721477,-1.2598299392295687,-2.393758266042891,-0.12590161241624642,-0.846975618337195,-1.2471896493710033,-0.4467615873033868,-0.22091424442245827,-0.6107488861730942,0.16892039732817765,155
-0.022733206816034985,-2.402565787379782,2.3570993737477117,-1.2596251599157555,-2.393441340327586,-0.125808979503925,-0.8469844569264994,-1.2471896019674251,-0.4467793118855736,-0.22092456469182212,-0.6107448500797322,0.16889572069608796,156
-0.021690623687465285,-2.4014601220513043,2.358078874676374,-1.2595514405673547,-2.3933363571035837,-0.12576652403112565,-0.8470013469470397,-1.2472057330616828,-0.44679696083239645,-0.22090951726245994,-0.6107279316987939,0.16890889717387408,157
-0.022071323759443102,-2.401761328012584,2.3576186804936974,-1.2594718929085806,-2.393223790801967,-0.12571999501519415,-0.8470213895253835,-1.2472250379558356,-0.44681774109493144,-0.22089122985603002,-0.610707834130535,0.1689253744184749,158
-0.022162187189009943,-2.4018473818499007,2.357523007471881,-1.2594667400913944,-2.3932165685910674,-0.12571691159172138,-0.8470226543383854,-1.247226281244747,-0.44681902743202373,-0.22089010874705065,-0.6107066191986023,0.16892640170450093,159
-0.021663574724500916,-2.4015296812472506,2.3582025317982485,-1.2594913740154883,-2.393256231887351,-0.12572651614362518,-0.8470238411842154,-1.2472289611370337,-0.446818721231397,-0.22088572877141197,-0.6107045298614009,0.168933072318577,160
-0.021629146015783075,-2.401498608805246,2.35824031677368,-1.259489588946196,-2.3932533376962213,-0.1257258401961705,-0.847023677327005,-1.247228687318223,-0.4468186673357871,-0.22088615204637407,-0.6107047800998571,0.16893247600710892,161
-0.022270690460537455,-2.414829850901712,2.370288469980637,-1.2546696004740083,-2.391468779441295,-0.11787042150672145,-0.8454641705711022,-1.2473259101462972,-0.4436024309959072,-0.2136767901184986,-0.6080808112027418,0.18072723096574456,162
-0.02227204550506031,-2.399170055306166,2.3546259642960456,-1.2534081691719081,-2.3866906031973105,-0.12012573514650593,-0.8422369472571564,-1.242170576588215,-0.44230331792609773,-0.1952917558264987,-0.5876739151509994,0.19709040349800203,209
-0.022196191073253747,-2.401705873601068,2.3573134914545606,-1.2596683262735453,-2.3933786275379045,-0.12595802500918585,-0.8471268261434798,-1.2473083006531906,-0.4469453516337688,-0.22143813411514937,-0.6112463564740948,0.16837008824379604,210
-0.022190312965376525,-2.4018763874180067,2.357495761487254,-1.259471927783064,-2.393223096799066,-0.1257207587670619,-0.8470233082025407,-1.2472269169673371,-0.44681969943774424,-0.22089682141646796,-0.6107133883524966,0.1689197455195606,211
-0.022211344000476724,-2.40189917482094,2.357476486819987,-1.2594954447955564,-2.393248296831619,-0.12574259275949373,-0.8470238767218724,-1.24722562853405,-0.44682212490969475,-0.22092375427256836,-0.610738786145996,0.16889127760085923,212
-0.022247228348622784,-2.4025867611696863,2.3580923044724407,-1.2590415310101,-2.3929581742742627,-0.12512488774593722,-0.8467780055280544,-1.2470593714376752,-0.44649663961843356,-0.2197077440031138,-0.6096067037479258,0.17019121574169818,213
-0.022266111787603897,-2.3928636920696467,2.348331468494439,-1.2638083741201496,-2.397293391126071,-0.13032335711422816,-0.8524424379671613,-1.252205248497468,-0.45267962743685486,-0.22111993219225468,-0.6103292086059626,0.16808934422145322,216
-0.022266374961282843,-2.3921333607314645,2.3476006108088985,-1.263951697435068,-2.397224581755153,-0.13067881311498297,-0.8529420647869222,-1.2526056273703263,-0.4532785022035182,-0.2211828194384644,-0.6103001696944554,0.16793453081752657,217
-0.02226612661008999,-2.3927959909152845,2.3482637376951043,-1.2638244366552394,-2.3972923345070782,-0.1303565388034007,-0.8524896717396179,-1.252244657431488,-0.4527346860477477,-0.22112545302364747,-0.6103268061911187,0.1680759001438237,218
-0.022272988073127345,-2.4143521828515166,2.369806206705262,-1.2559604255450856,-2.3921255562554586,-0.11979529483471252,-0.8412563289766428,-1.2432282675832331,-0.4392843903700526,-0.22050761729569643,-0.6116236203707951,0.1706083857794022,219
-0.0222708318908995,-2.4167590303278415,2.3722173665460424,-1.2573355663848562,-2.394495907128337,-0.12017522564137573,-0.8476174182332854,-1.2497014777515214,-0.44553335871504945,-0.22514026033656548,-0.6197368863185571,0.16945636564542615,222
-0.02226707998229322,-2.4029604428803326,2.3584262829157465,-1.2608918727502076,-2.396186072743566,-0.1255976727568493,-0.8509146451355297,-1.2526134879536404,-0.449215802317419,-0.22141091646293662,-0.611665104515588,0.16884327158971477,232
-0.022267128852700678,-2.4025069256808536,2.357972667975452,-1.2610355940314035,-2.3962255502947727,-0.12584563776803437,-0.851743423410687,-1.2533835270873555,-0.4501033197340185,-0.22153825958392057,-0.6117414202114023,0.16866490104356122,233
-0.022255502432771204,-2.4019156065247835,2.357404601659241,-1.2593764510802943,-2.392957051236489,-0.12579585092409973,-0.8476110741354784,-1.2477747309865088,-0.447447417284448,-0.2210375959025539,-0.6108083488934316,0.16873315708832382,234
-0.022201212609266736,-2.401903273919833,2.3575008487013,-1.2594763699245046,-2.3932329249984017,-0.1257198148506078,-0.8470140004583137,-1.2472187073138274,-0.44680929360279986,-0.22089153153918217,-0.6107092151360924,0.16892615205772804,235
-0.02222006450305921,-2.4019329268043927,2.3574927977982743,-1.2594976020098947,-2.3932661394180883,-0.12572906460170086,-0.8469948168364145,-1.2472006245957208,-0.44678900907710817,-0.2208904685536805,-0.6107096812205943,0.1689287441132334,236
-0.022209238792639963,-2.401979219049501,2.357560741464221,-1.2595289173153403,-2.3933714185833033,-0.1256864160473774,-0.8467262427052167,-1.246953945816873,-0.44649853959356034,-0.22083167375677187,-0.6106719832335485,0.16900863572000485,237
-0.022268056612396676,-2.4007033328011906,2.3561672195763976,-1.2613725498373403,-2.396109619364881,-0.1266354803097991,-0.851112276826761,-1.2517274546627148,-0.4504970989908073,-0.22134915527632615,-0.6113151358526258,0.16861682529997346,238
-0.022262891073639393,-2.4017293113001843,2.3572035291529057,-1.259641820400641,-2.393377265719984,-0.12590637508129832,-0.8476166905119084,-1.2477939690828275,-0.44743941194098935,-0.2209945894471657,-0.610787443759855,0.16879826486552363,239
-0.02220162648407128,-2.401897983238893,2.3574947302707505,-1.2594777472252112,-2.393232631696325,-0.1257228627540976,-0.8470171956619483,-1.2472210822660694,-0.4468133090578272,-0.2208919904786547,-0.6107089135712925,0.16892493261398311,240
-0.02219130474938575,-2.4018795946499285,2.3574969851511574,-1.259470459960806,-2.3932221265112705,-0.12571879341034142,-0.8470231756383204,-1.2472269454878355,-0.4468194057888052,-0.22089094462731523,-0.6107076552428591,0.16892576598822862,241
-0.022229295992166474,-2.4021749355715967,2.3577163435872635,-1.25939983232369,-2.3931938305438836,-0.12560583410349624,-0.8465603554562171,-1.2467904219206873,-0.4463302889917468,-0.22082999249041063,-0.6106682578985665,0.16900827291774528,242
-0.0222741675716987,-2.4087078305312413,2.364159495387844,-1.2569000256845118,-2.391574008954686,-0.12222604241433732,-0.8388754657714607,-1.240102235701817,-0.4376486958411042,-0.21986072408195942,-0.6102991872546127,0.17057773909069393,243
-0.022269909936392215,-2.401646723170597,2.357106903297813,-1.3829056220750042,-2.5720222746970207,-0.19378896945298774,-0.84780317878055,-1.2480450342356144,-0.4475613233254856,-0.22476948179340334,-0.6148256567511795,0.16528669316437283,244
-0.022271332599313222,-2.4026743954990746,2.358131730300448,-1.2558541030797687,-2.3900528610373546,-0.1216553451221829,-0.8730847648494487,-1.277500936043966,-0.4686685936549315,-0.20736485540034283,-0.5984452715772952,0.18371556077660955,246
-0.02226750665276194,-2.40387655770973,2.3593415444042063,-1.2588044000674936,-2.3942186731849633,-0.12339012695002394,-0.8491567928192636,-1.2500636626153363,-0.4482499230231908,-0.21524302055309075,-0.6072736721668328,0.17678763106065132,247
-0.0222680649102591,-2.4042543569398003,2.3597182271192825,-1.2580591670915853,-2.393414572330637,-0.12270376185253373,-0.8498348695448689,-1.2507577861101862,-0.4489119529795515,-0.21348004601179735,-0.6055007698447771,0.1785406778211824,248
-0.02226454387635343,-2.373365346554554,2.328836258801847,-1.265047806661112,-2.3949766698066863,-0.13511894351553733,-0.8446407174748749,-1.2418648805312276,-0.44741655441852224,-0.20463459597403466,-0.5929353995642871,0.18366620761621777,249
-0.022264594271324996,-2.3729920400708404,2.3284628515281907,-1.265101684868862,-2.394942710578576,-0.13526065915914853,-0.8446219076453966,-1.2417984693776112,-0.4474453459131819,-0.2044993041969282,-0.5927220544415641,0.18372344604770768,250
-0.02226702550177788,-2.4037148092986325,2.359180758295077,-1.2606262268266348,-2.3960867287653516,-0.12516572488791788,-0.849155391792124,-1.250944607626428,-0.44736617595782,-0.22113205812622216,-0.611469341690472,0.16920522543802768,251
-0.02226744843991934,-2.399909555506061,2.3553746586262228,-1.2617828474227732,-2.396367316134688,-0.12719837871085837,-0.8551455638570803,-1.2564639011253336,-0.4538272265888271,-0.22202733530018498,-0.6119368950704236,0.1678822244700537,252
-0.02259571363068749,-2.4028586324568164,2.3576672051954417,-1.2596178423317417,-2.3935709252402044,-0.12566475942327893,-0.845598242658829,-1.2458475244376683,-0.4453489608799897,-0.22071956125145242,-0.6105815885920726,0.16914246608916772,253
-0.022536868345725183,-2.4020124914604772,2.356938754769027,-1.2599708138362635,-2.3937571400500097,-0.1261844876225171,-0.8495009021046278,-1.2496642569013479,-0.44933754730790765,-0.22137176410203804,-0.611153244553169,0.16840971634909288,254
-0.022408820244006367,-2.4029222044302414,2.3581045639422284,-1.2593854664785353,-2.393394025964107,-0.12537690699296378,-0.8444819349048633,-1.244792124791727,-0.44417174501799955,-0.22049999301991244,-0.6104051097115482,0.1694051236717233,255
-0.022276609605514343,-2.4258014966352337,2.381248277424205,-1.2518321969227484,-2.3894279035705877,-0.11423649027490934,-0.8359640392361536,-1.2398962259548785,-0.43203185251742865,-0.22026265992828659,-0.6124221596858915,0.17189683982931836,256
-0.022281378247036177,-2.3839743604494315,2.3394116039553587,-1.2632224835200976,-2.39120725433822,-0.13523771270197527,-0.8749354680163767,-1.2737128045197585,-0.4761581315129948,-0.22536176104920316,-0.6128242507127577,0.1621007286143514,257
-0.022272475951069653,-2.402014727396905,2.3574697754947653,-1.2595322874245871,-2.39332665674793,-0.12573791810124435,-0.8470092187744969,-1.2472195363576135,-0.44679890119138027,-0.22090399244363385,-0.6107279700386059,0.16891998515133816,258
-0.02227247102056449,-2.4020158944090775,2.3574709523679487,-1.2595317190724902,-2.393326150685195,-0.12573728745978507,-0.8470077079639635,-1.24721813099955,-0.4467972849283769,-0.22090381176048518,-0.6107278751109289,0.16892025158995855,259
-0.022269752955167522,-2.3617972054310092,2.317257699520674,-1.6309786818929835,-2.842580887942015,-0.41937647584395177,-0.8494429154539233,-1.2449892955881068,-0.4538965353197397,-0.23019211376838064,-0.6161262606036764,0.15574203306691506,260
-0.022273843289742586,-2.4024501924827124,2.357902505903227,-1.1721547398638252,-2.3134813448939004,-0.030828134833750243,-0.8496691466826349,-1.2498867789149164,-0.44945151445035353,-0.2351384526385976,-0.6255350298496416,0.1552581245724464,261
-0.02226643549279104,-2.3929984911783815,2.3484656201928,-1.3526295783617655,-2.5507988857721777,-0.1544602709513534,-0.8466001773620296,-1.2460386356131157,-0.44716171911094366,-0.21729663437534283,-0.6067019015346263,0.17210863278394065,262
-0.022270635615259084,-2.4100665141003867,2.365525242869869,-1.351536655245486,-2.522160454498618,-0.18091285599235385,-0.8440818663005121,-1.2454264109236743,-0.44273732167734986,-0.2060049943144175,-0.5994869537757329,0.18747696514689793,263
-0.022266976455190976,-2.3951844337354053,2.3506504808250233,-1.3265570390190708,-2.5070780487050985,-0.14603602933304338,-0.8467307043101492,-1.2463993741188593,-0.4470620345014392,-0.21825126610019027,-0.6078002251043436,0.1712976929039631,264
-0.02229607363544892,-2.4019518805552407,2.3573597332843432,-1.2586540724097428,-2.3921545131689106,-0.12515363165057503,-0.8465598468013672,-1.246701888560005,-0.44641780504272943,-0.2186677700077373,-0.6084325436715019,0.17109700365602737,265
-0.022294800937614528,-2.4020813899244695,2.3574917880492405,-1.2596691655565606,-2.393504108624583,-0.12583422248853826,-0.8470589416614995,-1.2472754266732733,-0.4468424566497257,-0.22118460424461528,-0.6110164879113507,0.16864727942212016,266
-0.02226807587688882,-2.4038815628403754,2.359345411086598,-1.2610768149730827,-2.3964926658103574,-0.12566096413580774,-0.8475242427412266,-1.248210797517748,-0.4468376879647051,-0.22328001031354702,-0.6140954407789345,0.1675354201518405,267
-0.022267936335258122,-2.4038552987232222,2.359319426052706,-1.2610706363303543,-2.3965085844447502,-0.1256326882159582,-0.8474971489304168,-1.2481862184903236,-0.4468080793705101,-0.22312279585446654,-0.6139523489983958,0.16770675728946266,268
-0.022272241017608885,-2.4070660175952696,2.3625215355600515,-1.2560048969386026,-2.390859561961693,-0.12115023191551244,-0.8712936119681526,-1.275949749635699,-0.4666374743006062,-0.21304759759106404,-0.6038532213490594,0.17775802616693134,269
-0.02227240695123121,-2.4020354874928196,2.3574906735903576,-1.2594498965460093,-2.3932638992275326,-0.1256358938644857,-0.8471344859990224,-1.2473520855058506,-0.4469168864921941,-0.22056738093777556,-0.6104107995013073,0.1692760376257561,270
-0.022271592523870072,-2.409736989527722,2.3651938044799823,-1.2526319774183599,-2.388271412421072,-0.1169925424156475,-0.8539307698294487,-1.2555853182825285,-0.45227622137636886,-0.20291754210046653,-0.5971114202790977,0.1912763360781647,271
-0.02227088471240423,-2.411893965125734,2.367352195700926,-1.2540792312415725,-2.3902283261411865,-0.11793013634195826,-0.8446118480977555,-1.2461119684470425,-0.4431117277484683,-0.20895598087690143,-0.6029178932766542,0.18500593152285139,277
-0.022266988844962747,-2.4008362269894,2.3563022492994743,-1.2627757045770716,-2.3976959490569176,-0.12785546009722548,-0.8480958910477511,-1.248461170128218,-0.44773061196728425,-0.2260127422780322,-0.617052308224627,0.16502682366856258,281
-0.02226705557115941,-2.400454407259581,2.355920296117262,-1.263008891802889,-2.3978360447455893,-0.1281817388601889,-0.8482010141221439,-1.2485180477579283,-0.4478839804863595,-0.22654617063101318,-0.6175407350902579,0.1644483938282315,282
-0.022275047479660567,-2.4159064139816646,2.3713563190223432,-1.251842476569885,-2.3878406287147005,-0.11584432442506953,-0.8445280074368692,-1.246293027754284,-0.44276298711945433,-0.2093913085691489,-0.601564501769585,0.18278188463128714,288
-0.022277107416215972,-2.4074467986769528,2.362892583844521,-1.2619132552513077,-2.3957279965059133,-0.12809851399670213,-0.850295851674484,-1.2509707093980895,-0.44962099395087846,-0.23909147558037702,-0.6302845390971092,0.15210158793635514,289
-0.022268661286225396,-2.4024733916812586,2.357936069108808,-1.2634396177839395,-2.3983175171661992,-0.12856171840168007,-0.8394468151978702,-1.2407433865672282,-0.43815024382851225,-0.23157217284518708,-0.6234180745392625,0.16027372884888827,290
-0.022267309232308637,-2.4025421221885095,2.3580075037238926,-1.2617684152210318,-2.3969515209414527,-0.12658530950061087,-0.8411891346206795,-1.2436106689672342,-0.43876760027412476,-0.22434245008805723,-0.6152542698246268,0.1665693696485124,291
-0.022266256884172764,-2.4013865849517075,2.356854071183362,-1.2610383808163859,-2.3962629256532857,-0.12581383597948625,-0.847799988526474,-1.2490926849366328,-0.4465072921163152,-0.21958862060127252,-0.6114812447292436,0.17230400352669858,292
-0.02226693872030931,-2.4005659852683467,2.3560321078277284,-1.2599314546990967,-2.3947863485707384,-0.12507656082745533,-0.8552985913052156,-1.2575901354793113,-0.4530070471311199,-0.21551797673770165,-0.6062707434685318,0.17523478999312855,293
-0.02226641344765763,-2.4013980162554307,2.3568651893601156,-1.2603958685746115,-2.3955810405386844,-0.12521069661053885,-0.8493031588934281,-1.2505864762172167,-0.44801984156963953,-0.21745376432305033,-0.6093324824980405,0.17442495385193987,294
-0.022267175791477096,-2.402557079934693,2.3580227283517385,-1.2618265208810346,-2.3970520391046444,-0.12660100265742513,-0.841071032636816,-1.2435927438345367,-0.43854932143909553,-0.2244104922723534,-0.6153682979480397,0.16654731340333287,295
-0.022185893310807232,-2.40183705380703,2.357465267185415,-1.2595023440922586,-2.3932715448413147,-0.1257331433432025,-0.8470120263899792,-1.2472174416042285,-0.4468066111757299,-0.2208814270934933,-0.6107003379423603,0.16893748375537382,296
-0.022185799978138732,-2.401870683958423,2.3574990840021455,-1.2594654286645846,-2.393214864912064,-0.12571599241710474,-0.8470235902246577,-1.2472272732798706,-0.4468199071694448,-0.22089005681143978,-0.6107065966626313,0.1689264830397517,297
-0.022188800851868837,-2.4018756092694766,2.3574980075657392,-1.2594680021106488,-2.3932185329675404,-0.12571747125375698,-0.847023205761797,-1.247226917955475,-0.4468194935681191,-0.22089054088435317,-0.610707150639892,0.16892606887118572,298
-0.02219383551194525,-2.4018864033082283,2.357498732284338,-1.2594701924950795,-2.393221626215151,-0.12571875877500815,-0.8470244992428271,-1.2472282828925416,-0.4468207155931124,-0.2208920914285336,-0.610708765407159,0.16892458255009174,299
-0.022189162312239993,-2.4018745732954003,2.35749624867092,-1.2594694563246194,-2.393220542012395,-0.12571837063684388,-0.8470214120892448,-1.2472250800243352,-0.4468177441541544,-0.22089006529064678,-0.6107066787294745,0.16892654814818095,300
-0.022187621844287603,-2.401869589032332,2.3574943453437562,-1.2594691673484446,-2.393219594366836,-0.12571874033005304,-0.8470209975001667,-1.2472244375533492,-0.4468175574469842,-0.22088950953257194,-0.6107059157858443,0.1689268967207004,301
-0.022190206669117425,-2.40194984001348,2.357569426675245,-1.2594470934014164,-2.393205729898502,-0.12568845690433061,-0.847099575598421,-1.247311028737569,-0.446888122459273,-0.22090942359255974,-0.6107321617621202,0.16891331457700073,302
-0.022267543139022124,-2.4025515897301366,2.3580165034520926,-1.2607866313612681,-2.395903332322505,-0.12566993040003127,-0.8487225968805043,-1.2493211597863376,-0.448124033974671,-0.2210151833418286,-0.611170925872153,0.16914055918849588,303
-0.022267675499744396,-2.4025056191918743,2.3579702681923855,-1.2608058354969667,-2.3959213349681567,-0.12569033602577684,-0.8486932145133109,-1.2492875766130254,-0.4480988524135964,-0.22100610909186497,-0.6111587525229032,0.1691465343391732,304
-0.02226670073062456,-2.3997329443946382,2.3551995429333887,-1.2615517155865648,-2.396292132464635,-0.1268112987084944,-0.8453869073051281,-1.2456903008119153,-0.4450835137983409,-0.2202403839466487,-0.6101405144861974,0.16965974659290006,305
-0.02226613375219296,-2.4004491811459503,2.3559169136415643,-1.2615920965462613,-2.3966312109172367,-0.12655298217528577,-0.8465711517727835,-1.2469887685114651,-0.44615353503410193,-0.2204599153800389,-0.6104704726862886,0.16955064192621078,306
-0.022269273761911842,-2.3992312766008905,2.3546927290770667,-1.260910315373588,-2.394911754828395,-0.12690887591878153,-0.8436934523061292,-1.2438136497244798,-0.44357325488777877,-0.2200288213680047,-0.6097329298375065,0.16967528710149712,307
-0.02226647121027124,-2.3998726219083717,2.355339679487829,-1.261593668325691,-2.396421866470602,-0.12676547018077966,-0.8456647979172748,-1.2459963386749502,-0.4453332571595993,-0.22028617255646335,-0.6102144568835176,0.16964211177059088,308
-0.022187420001212352,-2.401828814742977,2.3574539747405527,-1.2595030023200775,-2.3932684312586097,-0.12573757338154534,-0.8469904756635397,-1.247194243129401,-0.44678670819767846,-0.22087769105800567,-0.6106950168776487,0.16893963476163734,309
-0.022204564981087953,-2.40190150137138,2.357492371409204,-1.2594807135333639,-2.3932364136113744,-0.12572501345535336,-0.847019402994744,-1.2472231686528288,-0.44681563733665913,-0.22089285566138095,-0.610709713441157,0.16892400211839514,310
-0.02219815005567109,-2.401891287988583,2.3574949878772413,-1.2594755668581306,-2.3932294960358003,-0.12572163768046085,-0.8470170109315587,-1.247220842686314,-0.44681317917680324,-0.22089117737326758,-0.6107080262955699,0.1689256715490347,311
-0.022189320997928804,-2.40187695654576,2.3574983145499027,-1.2594683582823198,-2.3932192514702932,-0.12571746509434645,-0.8470223018925286,-1.2472260912833268,-0.4468185125017304,-0.22089048612660428,-0.6107071766623614,0.16892620440915285,312
-0.022189008484132144,-2.4018754629247248,2.3574974459564606,-1.259468467600881,-2.393219166838944,-0.12571776836281767,-0.8470222972306211,-1.2472259904569822,-0.4468186040042599,-0.22089035640041557,-0.6107069620250979,0.16892624922426672,313
-0.022212412992447066,-2.401918201887353,2.3574933759024588,-1.2594863731947699,-2.3932455421692067,-0.12572720422033323,-0.8470219378013429,-1.2472262114036878,-0.4468176641989981,-0.22089496302754597,-0.6107123822360485,0.16892245618095658,314
-0.022230849001592924,-2.401745046806396,2.35728334880321,-1.2595507729941522,-2.3932843619050126,-0.1258171840832918,-0.8467652101320888,-1.246947964913514,-0.44658245535066377,-0.2208403012617477,-0.6106386034732145,0.16895800094971908,315
-0.022269062323831242,-2.408944188300133,2.3644060636524706,-1.257404290360283,-2.3934486741775087,-0.12135990654305684,-0.8461553694308125,-1.2473795232032885,-0.44493121565833643,-0.21665744392956782,-0.6084359604154315,0.1751210725562959,316
-0.022270419221205276,-2.4024970910605017,2.3579562526180915,-1.2631564708468639,-2.3975836562370114,-0.12872928545671636,-0.8491997778972585,-1.2496012117989967,-0.4487983439955204,-0.23233372538560726,-0.6233566235948451,0.15868917282363065,317
-0.022273278860829922,-2.402173330911831,2.3576267731901717,-1.2592970712696099,-2.392938280935807,-0.1256558616034127,-0.8467303090704077,-1.246929815712175,-0.44653080242864035,-0.22089272271483754,-0.6106902160063303,0.1689047705766553,318
-0.022357794567890058,-2.4666677378865467,2.4219521487507665,-1.21864984808254,-2.345623459680561,-0.09167623648451917,-0.796467699326332,-1.201427718048718,-0.3915076806039458,-0.21767250136631158,-0.6099405951700949,0.17459559243747177,319
-0.022274431039367357,-2.402705377670192,2.3581565155914577,-1.258881444701101,-2.392324859754273,-0.12543802964792894,-0.8477273258868759,-1.24793900898006,-0.4475156427936918,-0.22115485644223848,-0.6109406747337128,0.16863096184923587,320
-0.022356485052693633,-2.483448403180786,2.4387354330753985,-1.2206662703511388,-2.351178990752228,-0.0901535499500501,-0.8943389142141654,-1.3013077411021823,-0.4873700873261487,-0.2378987605286218,-0.6319836273655046,0.15618610630826102,321
-0.022284489182965928,-2.399957624729285,2.3553886463633527,-1.2559969815431533,-2.3865009771191623,-0.1254929859671443,-0.8281125591815287,-1.228079043959975,-0.42814607440308255,-0.21791371522891398,-0.6068940643801802,0.1710666339223523,322
-0.022279925186278745,-2.4190401919531577,2.3744803415806,-1.2538842148838476,-2.389306079774623,-0.11846234999307259,-0.8594925227674173,-1.2619142802625376,-0.45707076527229706,-0.22437109661583493,-0.6156134058160755,0.16687121258440563,323
-0.022266795533856954,-2.402935284982674,2.35840169391496,-1.2607829486150732,-2.396143792380995,-0.1254221048491515,-0.8470332524050312,-1.2481718882684212,-0.44589461654164125,-0.2207019117886359,-0.6109507898971915,0.16954696631991967,324
-0.02232830587698172,-2.4282011179881486,2.383544506234185,-1.2360678684143447,-2.36203236975152,-0.11010336707716895,-0.801020569104617,-1.2028662458637307,-0.39917489234550335,-0.21589291208576045,-0.6055947295154605,0.17380890534393956,325
-0.022322656141961297,-2.472007551031671,2.4273622387477487,-1.231060164198985,-2.366976246283853,-0.09514408211411696,-0.8824368839643432,-1.2895960337915398,-0.4752777341371465,-0.23340821623797942,-0.6280055264663813,0.16118909399042253,326
-0.02227237842208423,-2.402413325467445,2.3578685686232763,-1.259418639962719,-2.39331897797009,-0.12551830195534786,-0.8462330030532684,-1.246616884535594,-0.4458491215709427,-0.220780228543972,-0.6106561689409313,0.16909571185298738,328
-0.022272117597925883,-2.4046049059181702,2.360060670722319,-1.258779613485552,-2.393185222738784,-0.12437400423231981,-0.843347615207145,-1.2445807137155684,-0.4421145166987215,-0.22036108304570928,-0.61050252017096,0.1697803540795414,329
-0.022267999446204174,-2.3979637484537117,2.353427749561303,-1.2612925114929268,-2.3952859143543472,-0.1272991086315065,-0.8394473065406377,-1.2399351403318568,-0.4389594727494186,-0.21916203565247133,-0.6088025945022859,0.17047852319734325,333
-0.022237551627052682,-2.4019529166386797,2.3574778133845746,-1.2595176358935976,-2.3932917646623255,-0.1257435071248696,-0.8470353682907767,-1.2472406808850036,-0.44683005569655,-0.22090027156825215,-0.6107192346902335,0.16891869155372913,336
-0.02223778992475972,-2.4015067361874283,2.3570311563379085,-1.2594966920277697,-2.393091082991937,-0.12590230106360267,-0.846264492365606,-1.246423948583964,-0.44610503614724784,-0.22075573274349097,-0.6105081292689956,0.16899666378201367,337
-0.022198414300817416,-2.40191697171929,2.3575201431176547,-1.2594776680892472,-2.3932431929508637,-0.1257121432276307,-0.8470453668425654,-1.2472558974549006,-0.44683483623023007,-0.22089642509855212,-0.6107174682980063,0.1689246181009021,338
-0.022198543367820307,-2.402043387986943,2.357646301251302,-1.259417982700977,-2.393179108451081,-0.12565685695087292,-0.8471446346309927,-1.2473667590622775,-0.44692251019970786,-0.22092614677817912,-0.6107539680147658,0.16890167445840748,339
-0.02227474689813624,-2.3879602540957063,2.343410760299434,-1.2610278335173444,-2.3913584682415303,-0.13069719879315822,-0.812880296144329,-1.21324000560976,-0.412520586678898,-0.21418839909613696,-0.6024166197735994,0.17403982158132547,347
-0.02226371184620761,-2.374469428168331,2.329942004475916,-1.2726905454848194,-2.403068356518009,-0.1423127344516295,-0.8498321281178267,-1.2472287898015173,-0.4524354664341362,-0.23283541382025094,-0.621246554911242,0.15557572727074018,348
-0.022264077587045846,-2.371984208448263,2.327456053274171,-1.2736453283952351,-2.4034310661377516,-0.1438595906527187,-0.8501174250009409,-1.2472038279863726,-0.45303102201550904,-0.2342200529080538,-0.622393672235438,0.15395356641933033,349
-0.02219356985502876,-2.4015035946477448,2.3571164549376875,-1.259721407341855,-2.3933885037529974,-0.12605431093071262,-0.8471332850706674,-1.2472909079434051,-0.4469756621979298,-0.2214533413285376,-0.6112398603821784,0.16833317772510314,358
-0.022191664442601167,-2.4018782684450706,2.357494939559868,-1.259472970455612,-2.393224237018384,-0.12572170389284,-0.8470231550259063,-1.2472266743622917,-0.446819635689521,-0.22089763579015417,-0.6107141223461243,0.168918850765816,359
-0.02219986333507323,-2.4018592539959096,2.357459527325763,-1.25949604819103,-2.3932411367227866,-0.1257509596592732,-0.8470289609001612,-1.247228228634035,-0.4468296931662875,-0.22093579624084053,-0.6107485052783295,0.1688769127966484,360
-0.022210088889165338,-2.4024688864815693,2.358048708703239,-1.2591814680316802,-2.393078506736146,-0.1252844293272144,-0.8468873485440831,-1.2471625311470056,-0.44661216594116065,-0.22023784740316232,-0.610129829642202,0.16965413483587732,361
-0.022266481596654585,-2.402036722073374,2.3575037588800645,-1.260542941950074,-2.395862194130995,-0.12522368976915277,-0.848473271704548,-1.250187487300737,-0.44675905610835903,-0.21866573699826292,-0.611342231561288,0.17401075756476214,362
-0.022270674854623564,-2.398536111678022,2.353994761968775,-1.2583921210061384,-2.391906048279328,-0.12487819373294862,-0.8641974162475423,-1.2656701898573535,-0.4627246426377313,-0.2117421096768721,-0.6017324354696462,0.17824821611590194,363
-0.02226688802844053,-2.4014041377513844,2.356870361694503,-1.2631388225957878,-2.398245487013303,-0.1280321581782724,-0.8420741996451528,-1.2436978102769047,-0.44045058901340106,-0.2277421152584219,-0.6203340689497828,0.16484983843293907,365
-0.022269354655093786,-2.405531773769667,2.360993064459479,-1.2608938453726062,-2.3961831162981815,-0.12560457444703088,-0.8371712777355926,-1.2395372709631205,-0.43480528450806477,-0.22607117905029184,-0.6168847286001995,0.16474237049961576,366
-0.022266923195775702,-2.402832446922411,2.35829860053086,-1.261290009095724,-2.396615241342354,-0.12596477684909435,-0.8435561580345085,-1.2457363096376515,-0.4413760064313654,-0.2225328255404506,-0.6131949181929628,0.16812926711206164,367
-0.022267409151378013,-2.4020841793425007,2.357549361039745,-1.26056652055525,-2.3956114012544747,-0.1255216398560255,-0.8468773660970883,-1.2473396151847007,-0.4464151170094759,-0.21969395387115473,-0.6099635134111929,0.17057560566888344,369
-0.022268813348615486,-2.402631382485045,2.358093755787814,-1.2598725642950277,-2.3946813796565687,-0.12506374893348648,-0.8467341727212849,-1.2471929714820793,-0.4462753739604906,-0.2191319315806769,-0.6093432492850291,0.17107938612367535,371
-0.022266804993362456,-2.402037324396045,2.3575037144093205,-1.260742314795296,-2.3959231397849727,-0.1255614898056192,-0.8468899533957547,-1.2473755170092213,-0.446404389782288,-0.2196941698098727,-0.6100170498682258,0.17062871024848045,372
-0.022272615256895514,-2.4003931805248073,2.355847950011016,-1.2616879080956562,-2.3951307540582696,-0.12824506213304288,-0.8482189111527543,-1.2482385141069234,-0.448199308198585,-0.22718917662135374,-0.6170203309762661,0.1626419777335586,373
-0.0222676229961282,-2.402836541861171,2.3583012958689142,-1.260022210963371,-2.395144619851227,-0.12489980207551499,-0.8466850380235627,-1.2472223143191565,-0.4461477617279688,-0.21877231055615481,-0.609121527051498,0.17157690593918845,374
-0.022267984795561087,-2.4006751295143545,2.3561391599232326,-1.2615404392084653,-2.396158970083831,-0.12692190833309946,-0.8473987450951812,-1.247666285217427,-0.4471312049729354,-0.2223993671417489,-0.6124597268360625,0.16766099255256478,375
-0.022269255130937898,-2.4010666796367826,2.356528169374907,-1.2606354160555617,-2.3950157112643047,-0.12625512084681878,-0.8474681965237012,-1.2477331662465478,-0.44720322680085456,-0.22079538544421723,-0.6106935179872685,0.169102747098834,376
-0.022266059023528777,-2.4004712016802814,2.3559390836332237,-1.2616226311630256,-2.3966646125864353,-0.12658064973961625,-0.8473373013910928,-1.2477011608902115,-0.446973441891974,-0.22059805804847774,-0.6106087853494729,0.16941266925251744,377
-0.02226652653296741,-2.40024010810382,2.3557070550378847,-1.2615877414419494,-2.3964684905001286,-0.12670699238377026,-0.8479213069099896,-1.2482358244984804,-0.44760678932149867,-0.22071158966868412,-0.610672160086319,0.1692489807489507,378
-0.02226672949809089,-2.401261247127254,2.356727788131072,-1.2611935568797275,-2.3962321223470733,-0.12615499141238184,-0.8463054673107643,-1.246731069353773,-0.4458798652677555,-0.2204838395041541,-0.6105418260596162,0.169574147051308,379
-0.02226702462831951,-2.40020308682369,2.3556690375670506,-1.2614810867787978,-2.396233922366397,-0.12672825119119868,-0.8481895926565747,-1.2484761338348502,-0.4479030514782992,-0.22077976883925174,-0.6107094278730499,0.16914989019454643,380
-0.02226717963769562,-2.4001931553757254,2.355658796100334,-1.2614479040460025,-2.396161660862239,-0.12673414722976584,-0.8482726739475753,-1.24855095686089,-0.44799439103426086,-0.22080092567656914,-0.6107212303905705,0.16911937903743215,381
-0.0222675917047834,-2.400198224902984,2.3556630414934174,-1.2613438373592323,-2.395955554820047,-0.12673211989841748,-0.8484350097322919,-1.248693607571436,-0.4481764118931476,-0.2208491630016792,-0.6107469110062222,0.16904858500286382,382
-0.02227085924786071,-2.400451451084383,2.3559097325886618,-1.2604726856474304,-2.3943421154456592,-0.12660325584920185,-0.8493882362335755,-1.2495231669972475,-0.4492533054699036,-0.22117895220306816,-0.610925825060821,0.16856792065468473,383
-0.02226706586868811,-2.400205446805353,2.3556713150679767,-1.2614705953463923,-2.396214146885342,-0.12672704380744237,-0.8482018012990966,-1.2484866336578433,-0.44791696894035005,-0.22078386660197885,-0.6107115862131169,0.16914385300915924,384
-0.0222780936364295,-2.405854973190416,2.3612987859175574,-1.2569049172387057,-2.390119148769026,-0.12369068570838526,-0.8434149159518904,-1.2438501845803178,-0.4429796473234631,-0.22069770030889352,-0.610626265608031,0.16923086499024403,385
-0.022270527177617253,-2.403061347892206,2.358520293536971,-1.2596695798096125,-2.3941492254950196,-0.12518993412420554,-0.8449078563700569,-1.2453676278738888,-0.44444808486622506,-0.2204932825949028,-0.6105355026163247,0.1695489374265191,386
-0.02226733019302524,-2.400237698987276,2.3557030386012254,-1.2613932467484674,-2.3960769746844806,-0.12670951881245407,-0.8482472166250239,-1.2485219374698229,-0.44797249578022497,-0.22080583675839885,-0.6107220831327441,0.16911040961594645,387
-0.022268159410789305,-2.4020542525226634,2.3575179337010845,-1.2605700092349763,-2.39540931140077,-0.12573070706918243,-0.8456318146798526,-1.2460812533717505,-0.4451823759879546,-0.2204693147451813,-0.610530872199644,0.1695922427092814,388
-0.022267006001934358,-2.4014228332331644,2.3568888212292958,-1.2610705297232374,-2.396072792743,-0.12606826670347493,-0.8461556619611751,-1.24658681222944,-0.44572451169291016,-0.22047788689413367,-0.610537559337035,0.16958178554876768,389
-0.022267229334612212,-2.4000694094663326,2.3555349507971086,-1.2616497326879574,-2.396326362900375,-0.12697310247553983,-0.8472464210210323,-1.2474742413895368,-0.44701860065252796,-0.22146008002207496,-0.611395400925188,0.16847524088103805,390
-0.02226866768544184,-2.3995748906137035,2.3550375552428195,-1.2616652184548989,-2.3958931225142743,-0.12743731439552342,-0.847412607807791,-1.2475147225709156,-0.4473104930446665,-0.2224489365278754,-0.6122573625262379,0.16735948947048707,391
-0.02226948031923039,-2.403223694239594,2.3586847336011334,-1.2595153644741366,-2.394281038994883,-0.1247496899533902,-0.8467004678828975,-1.2471951912196284,-0.4462057445461667,-0.21907469858597825,-0.6092252154249338,0.17107581825297727,392
-0.022266263020335117,-2.400179775262352,2.3556472492216822,-1.2617781241738855,-2.3967118233320943,-0.1268444250156766,-0.8471917450739713,-1.2474780742281706,-0.4469054159197721,-0.22107850262936854,-0.6110823444155794,0.16892533915684235,393
-0.022266253908262913,-2.4009451920013976,2.3564126841848716,-1.2613641902926744,-2.39645586566695,-0.12627251491839897,-0.8470367370271387,-1.247414178795327,-0.4466592952589503,-0.22031975879594753,-0.6104058687057049,0.16976635111380986,394
-0.02226678424278298,-2.400154583698873,2.3556210152133072,-1.261688740059997,-2.396490282147454,-0.12688719797254033,-0.8472136049638285,-1.2474723370688483,-0.4469548728588087,-0.2212469727215599,-0.6112169509736887,0.1687230055305688,395
-0.022266913957736355,-2.3999185559653107,2.355384728049838,-1.2617974789586177,-2.396519986055797,-0.12707497186143835,-0.8472692948310543,-1.2474941204613361,-0.44704446920077245,-0.22153599292678508,-0.6114753478419767,0.16840336198840652,396
-0.022266960865080287,-2.4016881587272643,2.357154236997104,-1.260825901216476,-2.3958943017130405,-0.12575750071991143,-0.8469141779648894,-1.2473459346562745,-0.44648242127350435,-0.21980851796034118,-0.6099346409938282,0.17031760507314592,397
-0.022267960823269872,-2.3997234127261624,2.355187491079622,-1.2617082014361927,-2.396136659577716,-0.1272797432946695,-0.847350010774783,-1.2475025683308691,-0.4471974532186969,-0.2220567075037386,-0.6119173409014789,0.1678039258940017,398
-0.02226615609698341,-2.4004960528027945,2.3559637406088276,-1.261624876213498,-2.396648941055207,-0.12660081137178913,-0.8471226469824921,-1.24745146364856,-0.44679383031642406,-0.22072726321522498,-0.610770495433837,0.16931596900338705,399
-0.02226620709164167,-2.4007510715715266,2.356218657388243,-1.2614775036677859,-2.396540870581918,-0.12641413675365376,-0.8470736812843196,-1.2474302766565644,-0.4467170859120748,-0.2204944588902109,-0.610562001885889,0.16957308410546718,400
-0.022267949636979784,-2.402224907607986,2.357689008334026,-1.2603367531788399,-2.3952686162441887,-0.12540489011349099,-0.8468393560188305,-1.24728714153858,-0.44639157049908096,-0.21956420422860787,-0.6096899230510276,0.17056151459381194,401
-0.022267018590983057,-2.4014635231684243,2.356929485986458,-1.2609315962857839,-2.3959405352972296,-0.12592265727433816,-0.8469578954753268,-1.247360305613116,-0.4465554853375378,-0.22002700753616491,-0.6101233990469219,0.17006938397459212,402
-0.0222712023864799,-2.415251093199472,2.3707086884265123,-1.2591350885876162,-2.395902626031819,-0.12236755114341369,-0.8486491659499457,-1.250534969656314,-0.4467633622435773,-0.23046096130278063,-0.6247795778299615,0.1638576552244003,403
-0.022267746207777328,-2.403949407935448,2.3594139155198937,-1.2873400005355038,-2.4344005217955926,-0.14027947927541473,-0.8459497144300693,-1.2466666996646663,-0.4452327291954723,-0.21497651610280608,-0.6068470345484436,0.17689400234283145,404
-0.022267415860934173,-2.403825040269188,2.359290208547319,-1.280584145419724,-2.4278549415823454,-0.13331334925710236,-0.8462341843113065,-1.2469537721658805,-0.4455145964567324,-0.21643448683305896,-0.6083321017526652,0.17546312808654727,405
-0.022269285051778106,-2.3893866283428378,2.344848058239281,-1.5527948686641877,-2.817145471405314,-0.2884442659230615,-0.8445937205024955,-1.2435034632303152,-0.4456839777746758,-0.20652260468258157,-0.5960966921082085,0.18305148274304536,406
-0.02228040184655376,-2.417986095135666,2.3734252914425586,-1.2524375082412789,-2.387555516890983,-0.1173194995915745,-0.8281547872736114,-1.2309914510841298,-0.425318123463093,-0.21861756425657863,-0.6097466465073726,0.17251151799421532,407
-0.022280511996297513,-2.4142622698782543,2.369701245885659,-1.2553154195918863,-2.3896300070581034,-0.12100083212566926,-0.8668487870016169,-1.2692362373454353,-0.4644613366577986,-0.22548994786119794,-0.6162125035745941,0.1652326078521982,408
-0.02219870069922393,-2.402545705727762,2.358148304329314,-1.2551677727097528,-2.389317624362461,-0.12101792105704456,-0.8469905877186839,-1.2472735484569804,-0.4467076269803874,-0.2207857113834638,-0.6106748730286011,0.1691034502616735,411
-0.022190299255450213,-2.401856853176736,2.357476254665835,-1.259622259114568,-2.3933694284260536,-0.12587508980308226,-0.8470231379484879,-1.2472243443526625,-0.4468219315443135,-0.22089444032225025,-0.6107088204939823,0.16891993984948178,412
-0.022185228083521497,-2.4018640986513327,2.35749364248429,-1.2594999379574656,-2.3932482746986836,-0.12575160121624762,-0.8470232638821981,-1.2472263115093034,-0.4468202162550927,-0.22089063269117676,-0.6107066041207875,0.16892533873843396,413
-0.022190008403452914,-2.4023608513603456,2.35798083455344,-1.2563351761700217,-2.3904732885364943,-0.12219706380354878,-0.8470005112123995,-1.2472636985281595,-0.4467373238966395,-0.22081274239269047,-0.6106842211805962,0.16905873639521526,414
-0.02227212654223567,-2.3980627982179463,2.3535185451334746,-1.253164299142552,-2.386207289373025,-0.12012130891207895,-0.8419023945169062,-1.2417099721077318,-0.44209481692608044,-0.19341128279139225,-0.5859379353703957,0.1991153697876113,419
-0.022270861156486018,-2.404709793891834,2.360168071578862,-1.2587966813211855,-2.393539376370226,-0.12405398627214503,-0.8466902864179755,-1.2473114153884102,-0.4460691574475407,-0.2192950255256717,-0.6099757581770111,0.1713857071256677,424
-0.02227092365349634,-2.4078236884468724,2.36328184113988,-1.2616819634047312,-2.397085925928975,-0.12627800088048713,-0.8491740312666953,-1.250211444951604,-0.4481366175817867,-0.2326572223059009,-0.6250751145522923,0.15976066994049043,425
-0.022266735136681707,-2.400619598530022,2.356086128256658,-1.2615845414086437,-2.396495991929905,-0.12667309088738232,-0.847211628510373,-1.2475313849426841,-0.44689187207806197,-0.22127113266541357,-0.6113950390676981,0.16885277373687094,426
-0.02226753422579824,-2.398781207466486,2.3542461390148897,-1.2625376525994152,-2.396884187593882,-0.12819111760494817,-0.8476828282804931,-1.2477484900321154,-0.44761716652887085,-0.22370066611641132,-0.6136047163752147,0.16620338414239205,427
-0.022266258506515046,-2.400409968822781,2.355877451809751,-1.2618131638615249,-2.3967977995766816,-0.12682852814636836,-0.8472530388839227,-1.2475708130385366,-0.44693526472930867,-0.22142381890450008,-0.6115676487051975,0.16872001089619743,428
-0.02226656213424134,-2.401865317202507,2.357332192934024,-1.260948941163407,-2.39615328956058,-0.12574459276623395,-0.8469609432531467,-1.2474364027354543,-0.4464854837708393,-0.2200304597505859,-0.6103133157229286,0.17025239622175672,429
-0.02226682378788071,-2.3993346364891557,2.3548009889133943,-1.2623292473296004,-2.3969596816561713,-0.12769881300302965,-0.8475165661150997,-1.2476807747157705,-0.447352357514429,-0.22279084865067347,-0.6127890171249033,0.16720731982355638,430
-0.022287346633836403,-2.424820407083662,2.3802457138159894,-1.2497965551010706,-2.3842788851056316,-0.11531422509650935,-0.8526536907903867,-1.2548566151312301,-0.4504507664495431,-0.2238050202670233,-0.6151717624657559,0.16756172193170926,433
-0.022196960767090785,-2.401899872804621,2.357505951270439,-1.2594917089207918,-2.393265195126163,-0.12571822271542032,-0.8470274210077506,-1.2472365047384262,-0.44681833727707504,-0.2208900941026146,-0.610712040309,0.16893185210377074,434
-0.022196960767090785,-2.401899872804621,2.357505951270439,-1.2594917089207918,-2.393265195126163,-0.12571822271542032,-0.8470274210077506,-1.2472365047384262,-0.44681833727707504,-0.2208900941026146,-0.610712040309,0.16893185210377074,435
-0.02220226873094268,-2.4020233752244464,2.3576188377625606,-1.2594879032444222,-2.393303877412695,-0.1256719290761492,-0.8470725311716635,-1.2472986113154383,-0.4468464510278887,-0.22090180603056736,-0.6107399305841432,0.1689363185230085,436
-0.022202459175609437,-2.401629772158246,2.357224853807027,-1.2595394873263233,-2.393236775958165,-0.12584219869448154,-0.8469306273184544,-1.2471025929119008,-0.4467586617250079,-0.22086356542364205,-0.6106511754205721,0.16892404457328808,437
-0.022199966936056886,-2.401958647660877,2.357558713788763,-1.2594655870685072,-2.3932366187926277,-0.1256945553443869,-0.847041780424472,-1.247254498923653,-0.446829061925291,-0.22089859206370044,-0.6107230976076709,0.16892591348026997,438
-0.022199966936056886,-2.401958647660877,2.357558713788763,-1.2594655870685072,-2.3932366187926277,-0.1256945553443869,-0.847041780424472,-1.247254498923653,-0.446829061925291,-0.22089859206370044,-0.6107230976076709,0.16892591348026997,439
-0.022251284197277708,-2.4027264612982,2.358223892903645,-1.259334621936379,-2.3932536783548803,-0.12541556551787791,-0.8472493548113285,-1.2475416229425211,-0.44695708668013584,-0.22098138157933514,-0.6108777215058281,0.16891495834715783,440
-0.022251206660731843,-2.4008422300394345,2.3563398167179708,-1.2598570175342583,-2.3934589872510617,-0.1262550478174549,-0.8466641070663273,-1.246746480849091,-0.44658173328356376,-0.2207691707970722,-0.6104799408782098,0.16894159928406538,441
-0.022207031506685408,-2.4023170906483338,2.3579030276349626,-1.2593558445217266,-2.393170181001259,-0.125541508042194,-0.8471386637085134,-1.2473867378053363,-0.4468905896116906,-0.2209402325783071,-0.6107951323665043,0.16891466720989004,442
-0.02220671487678376,-2.4014802836570666,2.357066853903499,-1.259657066852122,-2.3933936729261798,-0.1259204607780644,-0.8469048788220995,-1.2470717955834072,-0.44673796206079186,-0.2208390946734857,-0.6106257131149315,0.1689475237679601,443
-0.022819138425695707,-2.404547582909744,2.358909306058353,-1.2606064816975924,-2.395899497659586,-0.12531346573559876,-0.8478448225719697,-1.248449512250929,-0.44724013289301046,-0.2210389972714044,-0.6112736708656856,0.16919567632287685,444
-0.022827299111657713,-2.4010603126982417,2.3554057144749265,-1.2591546579759834,-2.3916538269601233,-0.1266554889918432,-0.8459401550257291,-1.245728885311233,-0.44615142474022507,-0.2209039557528005,-0.6103007875838331,0.16849287607823207,445
-0.022202072854261377,-2.4021095417362455,2.3577053960277228,-1.259459221567481,-2.3932855299995035,-0.12563291313545855,-0.8470984365243703,-1.2473333306098375,-0.44686354243890314,-0.22091209936474346,-0.6107578101277531,0.16893361139826615,446
-0.022202182122548042,-2.401569918474219,2.3571655542291228,-1.259570624559837,-2.393271329944082,-0.1258699191755921,-0.8469175594986076,-1.2470854969849898,-0.44674962201222523,-0.2208553188955035,-0.6106400898890102,0.16892945209800317,447
-0.022269306476250018,-2.4029878805396234,2.358449267587124,-1.259864623570468,-2.39435597450644,-0.12537327263449605,-0.8475106844287101,-1.2479316767596398,-0.4470896920977805,-0.22094818525252008,-0.6109855493595164,0.16908917885447622,448
-0.022272258144288733,-2.4015630521457734,2.357018535857196,-1.2594251758905992,-2.3929154168959363,-0.12593493488526208,-0.8467881360658025,-1.2469014806978629,-0.4466747914337421,-0.2208771376762756,-0.6106035989918572,0.1688493236393061,449
-0.0222029197911521,-2.4018672808028056,2.3574614412205013,-1.2594984388691581,-2.393266577794183,-0.12573029994413365,-0.8470140807174023,-1.2472178860816971,-0.4468102753531073,-0.2208518195505185,-0.6106711179347735,0.1689674788337365,450
-0.022202936730029977,-2.4019395427260517,2.3575336692659916,-1.259507136606362,-2.3932859976546084,-0.1257282755581155,-0.8470347660927678,-1.247246412587917,-0.4468231195976186,-0.2209690646174915,-0.610796983928595,0.16885885469361206,451
-0.02227293634912816,-2.4005806321753007,2.3560347594770445,-1.2574360904772115,-2.3908468639639673,-0.12402531699045571,-0.8454143046611512,-1.2454461682492635,-0.44538244107303887,-0.21239581164314777,-0.6023529558927717,0.1775613326064762,453
-0.022266468246444533,-2.401613949019216,2.357081012526327,-1.2609985174692007,-2.3961874498236906,-0.12580958511471074,-0.8469314847749357,-1.2473890762365385,-0.446473893313333,-0.2198387211870166,-0.6102721564411443,0.1705947140671111,454
-0.022270791141658648,-2.406418931077576,2.3618773487942586,-1.2603478427100783,-2.3954627905211474,-0.12523289489900935,-0.8480071579389811,-1.2488298334930084,-0.44718448238495384,-0.22637794186421795,-0.6170602049306491,0.16430432120221317,455
-0.022185356976355323,-2.4020518982822097,2.3576811843294987,-1.25942579734399,-2.393228762575869,-0.12562283211211112,-0.8468043949757565,-1.2470450862476996,-0.4465637037038135,-0.22085676325359294,-0.6106967698208761,0.16898324331369025,456
-0.022185399769832435,-2.4016958292139603,2.357325029674296,-1.259533814939128,-2.3932548360064367,-0.1258127938718192,-0.8473559095023065,-1.2475525671694792,-0.44715925183513405,-0.22093951675063933,-0.6107395245779901,0.16886049107671147,457
-0.022274579385666245,-2.3895506377051685,2.3450014789338356,-1.2605091706711415,-2.391204823072929,-0.12981351826935428,-0.8098343333169473,-1.2118335408255587,-0.407835125808336,-0.2137134334083448,-0.6021671892756779,0.17474032245898824,458
-0.022267358719670498,-2.40496053198881,2.3604258145494685,-1.2604252847567394,-2.39608653151011,-0.12476403800336877,-0.8472537016606738,-1.2480886452431537,-0.4464187580781941,-0.22193253845842426,-0.6133869890620032,0.16952191214515472,461
-0.02226770252945788,-2.403386628471506,2.3588512234125902,-1.2619330319209419,-2.3971956492452975,-0.12667041459658623,-0.8480689706366862,-1.2487021887502556,-0.4474357525231166,-0.22615249675867255,-0.6174179062257251,0.16511291270838002,462
-0.022265876723827373,-2.3987274336418882,2.3541956801942336,-1.2623066755663892,-2.3970378582803513,-0.12757549285242709,-0.8512399323031291,-1.252492940793915,-0.4499869238123433,-0.22119744340318626,-0.6110678595999519,0.16867297279357935,1
-0.022267475279792236,-2.3850844279894288,2.3405494774298443,-1.26594533368428,-2.397516447690043,-0.13437421967851737,-0.8626424412739221,-1.2622128196878502,-0.4630720628599941,-0.2225827839012113,-0.6109157998061449,0.16575023200372221,5
-0.022270877632285923,-2.415980520344219,2.3714387650796476,-1.256163189731729,-2.393074013703324,-0.11925236576013387,-0.840065828298284,-1.245394424315212,-0.43473723228135597,-0.2202564290320997,-0.6117135238309297,0.17120066576673038,41
-0.02227187032861708,-2.4027247807953787,2.3581810401381444,-1.2594823007463172,-2.3935670923855916,-0.1253975091070425,-0.8464812636529242,-1.2468370867226808,-0.4461254405831677,-0.22081829029608815,-0.6107515747815869,0.16911499418941064,122
-0.022268386463014194,-2.408177922011712,2.363641149085684,-1.2589580934164706,-2.3949921145349005,-0.1229240722980407,-0.8456631769610667,-1.247981775120797,-0.4433445788013363,-0.2207920814405553,-0.6115316096494984,0.1699474467683878,214
-0.022271304207003823,-2.3830463520680456,2.3385037436540377,-1.2656886525181272,-2.3959139959018882,-0.13546330913436644,-0.8671375906041905,-1.2662310099483578,-0.4680441712600231,-0.22344904420036024,-0.6113550826156104,0.16445699421489,215
-0.02228441815194132,-2.376053627530764,2.331484791226881,-1.2646818215479843,-2.3903336842101313,-0.13902995888583747,-0.8790655842425319,-1.2767198267749555,-0.4814113417101082,-0.2258065181995351,-0.6122634098796265,0.16065037348055625,220
-0.022278126914454195,-2.4315049090571645,2.3869486552282564,-1.2499349093794876,-2.3883151678446763,-0.11155465091429906,-0.8347865772526945,-1.2394043913794266,-0.4301687631259623,-0.22038662899215927,-0.6130719760844417,0.1722987181001232,221
-0.022278783707697276,-2.412461025317663,2.367903457902268,-1.2534139343876187,-2.387774137142041,-0.11905373163319655,-0.8658410076939242,-1.2681046488418584,-0.46357736654599013,-0.21538166078791646,-0.606093762884838,0.17533044130900502,272
-0.022266913479951835,-2.403346955455368,2.3588131284954645,-1.2613073568421935,-2.3968314683531746,-0.12578324533121243,-0.8454123195179711,-1.247898380959378,-0.44292625807656427,-0.22307689613382112,-0.6171830108359456,0.17102921856830341,273
-0.022269257713474617,-2.4002842254758603,2.355745710048911,-1.2618643431119456,-2.3961055195092333,-0.12762316671465812,-0.8357846616235476,-1.2370733995680352,-0.4344959236790601,-0.22439282753304998,-0.6143369546294003,0.1655512995633003,274
-0.022272345560385348,-2.400518527720331,2.3559738365995604,-1.2614062318708725,-2.394951710274783,-0.12786075346696202,-0.8313823213424036,-1.2325616460268098,-0.43020299665799755,-0.22597958521402284,-0.6157831895658594,0.16382401913781375,275
-0.02227087406643177,-2.402936725239857,2.358394977106993,-1.2563568268795746,-2.3907440667369437,-0.12196958702220528,-0.8447463660004628,-1.2451753574952442,-0.4443173745056815,-0.20886403830468114,-0.5999197862417589,0.18219170963239656,279
-0.022270513269131674,-2.4109746873851603,2.3664336608468965,-1.2596235990932427,-2.3957352871190416,-0.12351191106744364,-0.8482367158142315,-1.2496343434432813,-0.4468390881851819,-0.2279321710950585,-0.619844444018049,0.16398010182793196,280
-0.022274866204077055,-2.3934939773935584,2.348944244985404,-1.2707136433207045,-2.402217825469613,-0.13920946117179622,-0.8534613614397342,-1.2526084707526006,-0.45431425212686766,-0.2546534241448388,-0.6465116902176855,0.13720484192800791,330
-0.02226555359461921,-2.398115510906819,2.353584403717581,-1.2623027768564792,-2.3969914206580265,-0.12761413305493163,-0.8461929745733098,-1.246428600077439,-0.44595734906918055,-0.22025169000449923,-0.6100441707528679,0.16954079074386935,350
-0.02237506613064373,-2.35969195496248,2.314941822701192,-1.2434247618299925,-2.3453100435356466,-0.1415394801243386,-0.821690809560474,-1.212522721155596,-0.43085889796535215,-0.2183592002566639,-0.5984665935391522,0.16174819302582438,351
-0.022292872925742675,-2.4380302324723444,2.3934444866208593,-1.24556454011849,-2.381705844432174,-0.10942323580480573,-0.8557537582573683,-1.2594087426336833,-0.4520987738810533,-0.22523152156013618,-0.617776307579372,0.16731326445909958,352
-0.02232013468429357,-2.460107714417387,2.4154674450487996,-1.2333408687428635,-2.3674912822985457,-0.09919045518718161,-0.8598365360170602,-1.26482264798838,-0.4548504240457406,-0.2283083300128674,-0.6217505947483295,0.16513393472259472,353
-0.022265068247802524,-2.3908873829647384,2.3463572464691334,-1.2641806368393058,-2.397524759981693,-0.13083651369691873,-0.843948116554739,-1.243355003801017,-0.44454122930846096,-0.21946418034483714,-0.6085162022743309,0.16958784158465665,354
-0.02226862728969178,-2.3811631914354234,2.33662593685604,-1.2655960516134457,-2.3961051284942503,-0.1350869747326413,-0.8404447291740937,-1.2385280281383713,-0.44236143020981616,-0.21850950815848927,-0.6063352963622171,0.16931628004523855,355
-0.02226857717548427,-2.4087911908751822,2.3642540365242137,-1.2588922027110978,-2.3950020357899002,-0.12278236963229539,-0.8484988569063098,-1.2508330824403573,-0.4461646313722622,-0.22134168625354927,-0.6121339501787045,0.16945057767160598,356
-0.022273417861328297,-2.371732700594615,2.327185864871958,-1.2659441677512104,-2.3933929323444914,-0.13849540315792952,-0.8224156641229852,-1.220117665235311,-0.4247136630106595,-0.21507075737538106,-0.6016681887677471,0.17152667401698496,357
-0.022250243164501284,-2.236673636508128,2.192173150179126,-0.9849158211701926,-2.119829862453254,0.14999822011286856,-0.8473189198141916,-1.2288132075144869,-0.4658246321138963,-0.2021750483984542,-0.5756118541210424,0.17126175732413404,409
-0.022247246726352667,-2.25738651417671,2.2128920207240044,-1.0293114516697544,-2.1691166252042366,0.11049372186472817,-0.8473196522003095,-1.2314501362882946,-0.46318916811232425,-0.20443446397093404,-0.5802644799524241,0.1713955520105561,410
-0.022266602437014046,-2.4021870328514408,2.3576538279774124,-1.2607536135433424,-2.396017146552775,-0.12549008053390986,-0.8468889979413595,-1.2474059568207687,-0.4463720390619503,-0.21968095674980656,-0.6101519081895849,0.17078999468997172,420
-0.022266589887762516,-2.401798697622142,2.3572655178466175,-1.2615427674643105,-2.3967327718009925,-0.12635276312762844,-0.847355997701083,-1.2478280583960357,-0.4468839370061304,-0.2221246121309105,-0.6125570506864528,0.16830782642463177,421
-0.022266475694353843,-2.401999395960498,2.3574664445717906,-1.261047017075886,-2.3963040495363828,-0.12578998461538915,-0.8470351817244668,-1.2475359899756346,-0.446534373473299,-0.2204271152619734,-0.6108838465433336,0.17002961601938682,422
-0.022266501165434334,-2.4018244341996193,2.357291431868751,-1.261435461332517,-2.3966531071529644,-0.12621781551206923,-0.8472721725012653,-1.247751570990033,-0.44679277401249756,-0.22167213455603144,-0.6121110786929871,0.16876680958092424,423
-0.022268521453752566,-2.404421108951122,2.359884066043617,-1.2592030164322081,-2.394444487804101,-0.12396154506031487,-0.8465306022721936,-1.2472155548716568,-0.4458456496727304,-0.21818104111506348,-0.6086301603197493,0.17226807808962225,431
-0.022273571081114944,-2.3845553562912736,2.3400082141290435,-1.2538170753879236,-2.3837684499304723,-0.12386570084537474,-0.8403328913711929,-1.2384723635699082,-0.44219341917247773,-0.18372744588127832,-0.5747380654589049,0.2072831736963483,459
-0.022271101369865837,-2.4159291610474827,2.371386958307751,-1.2588467453317755,-2.395778437439588,-0.12191505322396301,-0.8485495165075568,-1.2505243216941178,-0.4465747113209959,-0.22998193436218337,-0.624496572805761,0.16453270408139428,460
-0.022266247457190455,-2.3909043568732296,2.3463718619588487,-1.2603282573752057,-2.393409239075428,-0.12724727567498362,-0.8521285592235847,-1.2515491068472808,-0.4527080115998885,-0.20678905563718172,-0.5975016806405352,0.18392356936617174,463
-0.022269507319911713,-2.3854750655625216,2.3409360509226986,-1.258646359221969,-2.389828379829533,-0.12746433861440498,-0.855145036966329,-1.2537633446986247,-0.45652672923403337,-0.1985619544489745,-0.5884810161669862,0.19135710726903715,464
-0.02227368273728276,-2.4172360637665187,2.372688698291953,-1.2523808164391272,-2.3889583079480152,-0.11580332493023904,-0.8670104369800773,-1.2730299241448304,-0.4609909498153242,-0.21133594674391826,-0.6038179789192377,0.18114608543140115,465
-0.02227075021664244,-2.4138942505422736,2.369352750108989,-1.2543253823409957,-2.39091837105875,-0.1177323936232415,-0.845086508385322,-1.246834375656066,-0.44333864111457777,-0.2116179008621806,-0.6059197841039546,0.1826839823795934,3
